--
-- PostgreSQL database dump
--

-- Dumped from database version 16.9 (Debian 16.9-1.pgdg120+1)
-- Dumped by pg_dump version 16.9 (Debian 16.9-1.pgdg120+1)

SET statement_timeout = 0;
SET lock_timeout = 0;
SET idle_in_transaction_session_timeout = 0;
SET client_encoding = 'UTF8';
SET standard_conforming_strings = on;
SELECT pg_catalog.set_config('search_path', '', false);
SET check_function_bodies = false;
SET xmloption = content;
SET client_min_messages = warning;
SET row_security = off;

SET default_tablespace = '';

SET default_table_access_method = heap;

--
-- Name: auth_group; Type: TABLE; Schema: public; Owner: hrrbc
--

CREATE TABLE public.auth_group (
    id integer NOT NULL,
    name character varying(150) NOT NULL
);


ALTER TABLE public.auth_group OWNER TO hrrbc;

--
-- Name: auth_group_id_seq; Type: SEQUENCE; Schema: public; Owner: hrrbc
--

ALTER TABLE public.auth_group ALTER COLUMN id ADD GENERATED BY DEFAULT AS IDENTITY (
    SEQUENCE NAME public.auth_group_id_seq
    START WITH 1
    INCREMENT BY 1
    NO MINVALUE
    NO MAXVALUE
    CACHE 1
);


--
-- Name: auth_group_permissions; Type: TABLE; Schema: public; Owner: hrrbc
--

CREATE TABLE public.auth_group_permissions (
    id bigint NOT NULL,
    group_id integer NOT NULL,
    permission_id integer NOT NULL
);


ALTER TABLE public.auth_group_permissions OWNER TO hrrbc;

--
-- Name: auth_group_permissions_id_seq; Type: SEQUENCE; Schema: public; Owner: hrrbc
--

ALTER TABLE public.auth_group_permissions ALTER COLUMN id ADD GENERATED BY DEFAULT AS IDENTITY (
    SEQUENCE NAME public.auth_group_permissions_id_seq
    START WITH 1
    INCREMENT BY 1
    NO MINVALUE
    NO MAXVALUE
    CACHE 1
);


--
-- Name: auth_permission; Type: TABLE; Schema: public; Owner: hrrbc
--

CREATE TABLE public.auth_permission (
    id integer NOT NULL,
    name character varying(255) NOT NULL,
    content_type_id integer NOT NULL,
    codename character varying(100) NOT NULL
);


ALTER TABLE public.auth_permission OWNER TO hrrbc;

--
-- Name: auth_permission_id_seq; Type: SEQUENCE; Schema: public; Owner: hrrbc
--

ALTER TABLE public.auth_permission ALTER COLUMN id ADD GENERATED BY DEFAULT AS IDENTITY (
    SEQUENCE NAME public.auth_permission_id_seq
    START WITH 1
    INCREMENT BY 1
    NO MINVALUE
    NO MAXVALUE
    CACHE 1
);


--
-- Name: auth_user; Type: TABLE; Schema: public; Owner: hrrbc
--

CREATE TABLE public.auth_user (
    id integer NOT NULL,
    password character varying(128) NOT NULL,
    last_login timestamp with time zone,
    is_superuser boolean NOT NULL,
    username character varying(150) NOT NULL,
    first_name character varying(150) NOT NULL,
    last_name character varying(150) NOT NULL,
    email character varying(254) NOT NULL,
    is_staff boolean NOT NULL,
    is_active boolean NOT NULL,
    date_joined timestamp with time zone NOT NULL
);


ALTER TABLE public.auth_user OWNER TO hrrbc;

--
-- Name: auth_user_groups; Type: TABLE; Schema: public; Owner: hrrbc
--

CREATE TABLE public.auth_user_groups (
    id bigint NOT NULL,
    user_id integer NOT NULL,
    group_id integer NOT NULL
);


ALTER TABLE public.auth_user_groups OWNER TO hrrbc;

--
-- Name: auth_user_groups_id_seq; Type: SEQUENCE; Schema: public; Owner: hrrbc
--

ALTER TABLE public.auth_user_groups ALTER COLUMN id ADD GENERATED BY DEFAULT AS IDENTITY (
    SEQUENCE NAME public.auth_user_groups_id_seq
    START WITH 1
    INCREMENT BY 1
    NO MINVALUE
    NO MAXVALUE
    CACHE 1
);


--
-- Name: auth_user_id_seq; Type: SEQUENCE; Schema: public; Owner: hrrbc
--

ALTER TABLE public.auth_user ALTER COLUMN id ADD GENERATED BY DEFAULT AS IDENTITY (
    SEQUENCE NAME public.auth_user_id_seq
    START WITH 1
    INCREMENT BY 1
    NO MINVALUE
    NO MAXVALUE
    CACHE 1
);


--
-- Name: auth_user_user_permissions; Type: TABLE; Schema: public; Owner: hrrbc
--

CREATE TABLE public.auth_user_user_permissions (
    id bigint NOT NULL,
    user_id integer NOT NULL,
    permission_id integer NOT NULL
);


ALTER TABLE public.auth_user_user_permissions OWNER TO hrrbc;

--
-- Name: auth_user_user_permissions_id_seq; Type: SEQUENCE; Schema: public; Owner: hrrbc
--

ALTER TABLE public.auth_user_user_permissions ALTER COLUMN id ADD GENERATED BY DEFAULT AS IDENTITY (
    SEQUENCE NAME public.auth_user_user_permissions_id_seq
    START WITH 1
    INCREMENT BY 1
    NO MINVALUE
    NO MAXVALUE
    CACHE 1
);


--
-- Name: django_admin_log; Type: TABLE; Schema: public; Owner: hrrbc
--

CREATE TABLE public.django_admin_log (
    id integer NOT NULL,
    action_time timestamp with time zone NOT NULL,
    object_id text,
    object_repr character varying(200) NOT NULL,
    action_flag smallint NOT NULL,
    change_message text NOT NULL,
    content_type_id integer,
    user_id integer NOT NULL,
    CONSTRAINT django_admin_log_action_flag_check CHECK ((action_flag >= 0))
);


ALTER TABLE public.django_admin_log OWNER TO hrrbc;

--
-- Name: django_admin_log_id_seq; Type: SEQUENCE; Schema: public; Owner: hrrbc
--

ALTER TABLE public.django_admin_log ALTER COLUMN id ADD GENERATED BY DEFAULT AS IDENTITY (
    SEQUENCE NAME public.django_admin_log_id_seq
    START WITH 1
    INCREMENT BY 1
    NO MINVALUE
    NO MAXVALUE
    CACHE 1
);


--
-- Name: django_content_type; Type: TABLE; Schema: public; Owner: hrrbc
--

CREATE TABLE public.django_content_type (
    id integer NOT NULL,
    app_label character varying(100) NOT NULL,
    model character varying(100) NOT NULL
);


ALTER TABLE public.django_content_type OWNER TO hrrbc;

--
-- Name: django_content_type_id_seq; Type: SEQUENCE; Schema: public; Owner: hrrbc
--

ALTER TABLE public.django_content_type ALTER COLUMN id ADD GENERATED BY DEFAULT AS IDENTITY (
    SEQUENCE NAME public.django_content_type_id_seq
    START WITH 1
    INCREMENT BY 1
    NO MINVALUE
    NO MAXVALUE
    CACHE 1
);


--
-- Name: django_migrations; Type: TABLE; Schema: public; Owner: hrrbc
--

CREATE TABLE public.django_migrations (
    id bigint NOT NULL,
    app character varying(255) NOT NULL,
    name character varying(255) NOT NULL,
    applied timestamp with time zone NOT NULL
);


ALTER TABLE public.django_migrations OWNER TO hrrbc;

--
-- Name: django_migrations_id_seq; Type: SEQUENCE; Schema: public; Owner: hrrbc
--

ALTER TABLE public.django_migrations ALTER COLUMN id ADD GENERATED BY DEFAULT AS IDENTITY (
    SEQUENCE NAME public.django_migrations_id_seq
    START WITH 1
    INCREMENT BY 1
    NO MINVALUE
    NO MAXVALUE
    CACHE 1
);


--
-- Name: django_session; Type: TABLE; Schema: public; Owner: hrrbc
--

CREATE TABLE public.django_session (
    session_key character varying(40) NOT NULL,
    session_data text NOT NULL,
    expire_date timestamp with time zone NOT NULL
);


ALTER TABLE public.django_session OWNER TO hrrbc;

--
-- Name: dp_ses_management_colaborador; Type: TABLE; Schema: public; Owner: hrrbc
--

CREATE TABLE public.dp_ses_management_colaborador (
    registro integer NOT NULL,
    matricula character varying(255),
    cargo character varying(255),
    funcao character varying(255),
    numero_conselho character varying(255),
    uf_conselho character varying(255),
    turno character varying(255),
    status character varying(255),
    data_admissao date,
    nome_mae character varying(255),
    nome_pai character varying(255),
    data_nascimento date,
    naturalidade character varying(255),
    estado_civil character varying(255),
    cpf character varying(255),
    documento_militar character varying(255),
    grau_instrucao character varying(255),
    celular character varying(255),
    email character varying(254),
    cep character varying(255),
    endereco character varying(255),
    bairro character varying(255),
    cidade character varying(255),
    numero character varying(255),
    dias_trabalho character varying(255),
    estado_vota character varying(255),
    jornada_trabalho character varying(255),
    nome_completo character varying(255),
    nome_conselho character varying(255),
    numero_ctps character varying(255),
    numero_pasep character varying(255),
    rg_completo character varying(255),
    secao_eleitoral character varying(255),
    serie_ctps character varying(255),
    setor_trabalho character varying(255),
    telefone_fixo character varying(255),
    tipo_contrato character varying(255),
    titulo_eleitor character varying(255),
    uf character varying(255),
    uf_ctps character varying(255),
    zona_eleitoral character varying(255),
    observacoes text,
    complemento character varying(255)
);


ALTER TABLE public.dp_ses_management_colaborador OWNER TO hrrbc;

--
-- Name: dp_ses_management_colaborador_registro_seq; Type: SEQUENCE; Schema: public; Owner: hrrbc
--

ALTER TABLE public.dp_ses_management_colaborador ALTER COLUMN registro ADD GENERATED BY DEFAULT AS IDENTITY (
    SEQUENCE NAME public.dp_ses_management_colaborador_registro_seq
    START WITH 1
    INCREMENT BY 1
    NO MINVALUE
    NO MAXVALUE
    CACHE 1
);


--
-- Name: dp_ses_management_ferias; Type: TABLE; Schema: public; Owner: hrrbc
--

CREATE TABLE public.dp_ses_management_ferias (
    id bigint NOT NULL,
    data_inicio date NOT NULL,
    data_fim date NOT NULL,
    status character varying(20) NOT NULL,
    data_solicitacao date NOT NULL,
    observacoes text,
    colaborador_id integer NOT NULL
);


ALTER TABLE public.dp_ses_management_ferias OWNER TO hrrbc;

--
-- Name: dp_ses_management_ferias_id_seq; Type: SEQUENCE; Schema: public; Owner: hrrbc
--

ALTER TABLE public.dp_ses_management_ferias ALTER COLUMN id ADD GENERATED BY DEFAULT AS IDENTITY (
    SEQUENCE NAME public.dp_ses_management_ferias_id_seq
    START WITH 1
    INCREMENT BY 1
    NO MINVALUE
    NO MAXVALUE
    CACHE 1
);


--
-- Data for Name: auth_group; Type: TABLE DATA; Schema: public; Owner: hrrbc
--

COPY public.auth_group (id, name) FROM stdin;
\.


--
-- Data for Name: auth_group_permissions; Type: TABLE DATA; Schema: public; Owner: hrrbc
--

COPY public.auth_group_permissions (id, group_id, permission_id) FROM stdin;
\.


--
-- Data for Name: auth_permission; Type: TABLE DATA; Schema: public; Owner: hrrbc
--

COPY public.auth_permission (id, name, content_type_id, codename) FROM stdin;
1	Can add log entry	1	add_logentry
2	Can change log entry	1	change_logentry
3	Can delete log entry	1	delete_logentry
4	Can view log entry	1	view_logentry
5	Can add permission	2	add_permission
6	Can change permission	2	change_permission
7	Can delete permission	2	delete_permission
8	Can view permission	2	view_permission
9	Can add group	3	add_group
10	Can change group	3	change_group
11	Can delete group	3	delete_group
12	Can view group	3	view_group
13	Can add user	4	add_user
14	Can change user	4	change_user
15	Can delete user	4	delete_user
16	Can view user	4	view_user
17	Can add content type	5	add_contenttype
18	Can change content type	5	change_contenttype
19	Can delete content type	5	delete_contenttype
20	Can view content type	5	view_contenttype
21	Can add session	6	add_session
22	Can change session	6	change_session
23	Can delete session	6	delete_session
24	Can view session	6	view_session
25	Can add colaborador	7	add_colaborador
26	Can change colaborador	7	change_colaborador
27	Can delete colaborador	7	delete_colaborador
28	Can view colaborador	7	view_colaborador
29	Can add ferias	8	add_ferias
30	Can change ferias	8	change_ferias
31	Can delete ferias	8	delete_ferias
32	Can view ferias	8	view_ferias
\.


--
-- Data for Name: auth_user; Type: TABLE DATA; Schema: public; Owner: hrrbc
--

COPY public.auth_user (id, password, last_login, is_superuser, username, first_name, last_name, email, is_staff, is_active, date_joined) FROM stdin;
5	pbkdf2_sha256$1000000$DpAT07KIn6pEzHp73Qscuv$YwvPpWrb0+peNbDrygdt1tore4NT6VI4O35qmB69Dh4=	\N	f	alexsandro	Alexsandro	Madureira		t	t	2025-08-05 17:49:31+00
4	pbkdf2_sha256$1000000$HEeKqLTSef5XOwVsEpp2XR$W1hu/JMsAP6sKCJ3FlmpwhD8fGmqKXy0qU7f0KxnJSU=	2025-09-01 10:56:11.070044+00	f	jovem.aprendiz	Jovem	Aprendiz		f	t	2025-08-05 16:24:46+00
2	pbkdf2_sha256$1000000$kwOoDL0Mr5mjU0rnFNpdRR$f4XQmeH2rDvW1JmzTcE+oVx63JJwRwVFsZl43OgPaIM=	2025-09-03 15:26:32.285084+00	f	esmeralda.fagundes	Esmeralda	Fagundes		f	t	2025-08-05 16:23:06+00
3	pbkdf2_sha256$1000000$ikDY74FLMJhjFigTHytS1c$wnyOH/X3+2Ko2o/hFrbuO2JMnDtBPpMQIvirC+/AM4U=	2025-09-04 10:40:10.699775+00	f	lara.vitoria	Lara	Vitória		f	t	2025-08-05 16:24:31+00
1	pbkdf2_sha256$1000000$XXZRYmRqZVtkUqv6Pg7vh5$ClCtaOiKs7esaPmYtWO8jahuucLCpCIFvy8aB4ub4S4=	2025-08-27 13:39:29.220952+00	t	joao.breno	João Breno		joaobrenogs@gmail.com	t	t	2025-08-05 16:17:19+00
\.


--
-- Data for Name: auth_user_groups; Type: TABLE DATA; Schema: public; Owner: hrrbc
--

COPY public.auth_user_groups (id, user_id, group_id) FROM stdin;
\.


--
-- Data for Name: auth_user_user_permissions; Type: TABLE DATA; Schema: public; Owner: hrrbc
--

COPY public.auth_user_user_permissions (id, user_id, permission_id) FROM stdin;
\.


--
-- Data for Name: django_admin_log; Type: TABLE DATA; Schema: public; Owner: hrrbc
--

COPY public.django_admin_log (id, action_time, object_id, object_repr, action_flag, change_message, content_type_id, user_id) FROM stdin;
1	2025-08-05 16:23:06.959512+00	2	esmeralda.fagundes	1	[{"added": {}}]	4	1
2	2025-08-05 16:24:32.271094+00	3	lara.vitoria	1	[{"added": {}}]	4	1
3	2025-08-05 16:24:46.690306+00	4	jovem.aprendiz	1	[{"added": {}}]	4	1
4	2025-08-05 16:25:03.109634+00	2	esmeralda.fagundes	2	[{"changed": {"fields": ["First name", "Last name"]}}]	4	1
5	2025-08-05 16:25:15.807965+00	3	lara.vitoria	2	[{"changed": {"fields": ["First name", "Last name"]}}]	4	1
6	2025-08-05 16:25:30.092402+00	4	jovem.aprendiz	2	[{"changed": {"fields": ["First name", "Last name"]}}]	4	1
7	2025-08-05 16:25:39.001452+00	1	joao.breno	2	[{"changed": {"fields": ["First name"]}}]	4	1
8	2025-08-05 17:49:31.361295+00	5	alexsandro	1	[{"added": {}}]	4	1
9	2025-08-05 17:49:42.73296+00	5	alexsandro	2	[{"changed": {"fields": ["First name", "Last name"]}}]	4	1
10	2025-08-05 17:50:02.854224+00	5	alexsandro	2	[{"changed": {"fields": ["Staff status"]}}]	4	1
11	2025-08-08 18:16:13.769216+00	3	lara.vitoria	2	[{"changed": {"fields": ["password"]}}]	4	1
\.


--
-- Data for Name: django_content_type; Type: TABLE DATA; Schema: public; Owner: hrrbc
--

COPY public.django_content_type (id, app_label, model) FROM stdin;
1	admin	logentry
2	auth	permission
3	auth	group
4	auth	user
5	contenttypes	contenttype
6	sessions	session
7	dp_ses_management	colaborador
8	dp_ses_management	ferias
\.


--
-- Data for Name: django_migrations; Type: TABLE DATA; Schema: public; Owner: hrrbc
--

COPY public.django_migrations (id, app, name, applied) FROM stdin;
1	contenttypes	0001_initial	2025-08-05 16:12:36.601786+00
2	auth	0001_initial	2025-08-05 16:12:36.639655+00
3	admin	0001_initial	2025-08-05 16:12:36.649385+00
4	admin	0002_logentry_remove_auto_add	2025-08-05 16:12:36.653485+00
5	admin	0003_logentry_add_action_flag_choices	2025-08-05 16:12:36.657747+00
6	contenttypes	0002_remove_content_type_name	2025-08-05 16:12:36.667534+00
7	auth	0002_alter_permission_name_max_length	2025-08-05 16:12:36.671967+00
8	auth	0003_alter_user_email_max_length	2025-08-05 16:12:36.676323+00
9	auth	0004_alter_user_username_opts	2025-08-05 16:12:36.682194+00
10	auth	0005_alter_user_last_login_null	2025-08-05 16:12:36.686559+00
11	auth	0006_require_contenttypes_0002	2025-08-05 16:12:36.687223+00
12	auth	0007_alter_validators_add_error_messages	2025-08-05 16:12:36.6911+00
13	auth	0008_alter_user_username_max_length	2025-08-05 16:12:36.696927+00
14	auth	0009_alter_user_last_name_max_length	2025-08-05 16:12:36.701217+00
15	auth	0010_alter_group_name_max_length	2025-08-05 16:12:36.706848+00
16	auth	0011_update_proxy_permissions	2025-08-05 16:12:36.711002+00
17	auth	0012_alter_user_first_name_max_length	2025-08-05 16:12:36.715316+00
18	dp_ses_management	0001_initial	2025-08-05 16:12:36.718505+00
19	dp_ses_management	0002_colaborador_delete_tarefasmodel	2025-08-05 16:12:36.728701+00
20	dp_ses_management	0003_remove_colaborador_orgao_expeditor_and_more	2025-08-05 16:12:36.762246+00
21	dp_ses_management	0004_remove_colaborador_conselho_and_more	2025-08-05 16:12:36.865233+00
22	dp_ses_management	0005_remove_colaborador_id_alter_colaborador_registro_and_more	2025-08-05 16:12:36.879746+00
23	dp_ses_management	0006_colaborador_observacoes	2025-08-05 16:12:36.883412+00
24	dp_ses_management	0007_alter_colaborador_setor_trabalho_and_more	2025-08-05 16:12:36.887033+00
25	dp_ses_management	0008_colaborador_complemento_alter_colaborador_bairro_and_more	2025-08-05 16:12:36.936591+00
26	dp_ses_management	0009_alter_colaborador_estado_vota_and_more	2025-08-05 16:12:36.948134+00
27	dp_ses_management	0010_alter_colaborador_status	2025-08-05 16:12:36.950645+00
28	dp_ses_management	0011_alter_colaborador_bairro_alter_colaborador_cargo_and_more	2025-08-05 16:12:37.046684+00
29	dp_ses_management	0012_alter_colaborador_bairro_alter_colaborador_cargo_and_more	2025-08-05 16:12:37.104387+00
30	sessions	0001_initial	2025-08-05 16:12:37.108599+00
31	dp_ses_management	0013_alter_colaborador_setor_trabalho_and_more	2025-08-07 10:39:15.804796+00
32	dp_ses_management	0014_alter_colaborador_cpf_alter_colaborador_email_and_more	2025-08-08 10:48:37.767844+00
33	dp_ses_management	0015_alter_colaborador_setor_trabalho_and_more	2025-08-08 17:14:20.764884+00
34	dp_ses_management	0016_alter_colaborador_setor_trabalho	2025-08-13 18:05:41.073727+00
\.


--
-- Data for Name: django_session; Type: TABLE DATA; Schema: public; Owner: hrrbc
--

COPY public.django_session (session_key, session_data, expire_date) FROM stdin;
f39hyb60op91h9s2h877rupgttcgjfee	.eJxVjDsOwyAQBe9CHSHAfFOm9xnQ7gLBSYQlY1dR7h5bcpG0b2bem0XY1hq3npc4JXZlkl1-NwR65naA9IB2nznNbV0m5IfCT9r5OKf8up3u30GFXvd6EBgEGgWDdeRTkR5AGS1AFiKHg0KRgxIpgCtKWmtQg3c6g3U7ImKfL93eN-Q:1ukRdV:OJmKjRUwwKoMHlYg1jWPWJMMZoL4O6AsmjT-zu6cptc	2025-08-22 18:16:13.773335+00
te7t7zwylo0tp25x7nwjgqbeeaxgy9hj	.eJxVjDsOwyAQBe9CHSHAfFOm9xnQ7gLBSYQlY1dR7h5bcpG0b2bem0XY1hq3npc4JXZlkl1-NwR65naA9IB2nznNbV0m5IfCT9r5OKf8up3u30GFXvd6EBgEGgWDdeRTkR5AGS1AFiKHg0KRgxIpgCtKWmtQg3c6g3U7ImKfL93eN-Q:1urGN7:V6lWW5xuOYxMj3O4RslKzfUNWoTjfiN-mpNKvqjKdjk	2025-09-10 13:39:29.222634+00
1ejhh5q4zazsrayttltknw27u0fqo3fw	.eJxVjDsOwyAQBe9CHSHAfFOm9xnQ7gLBSYQlY1dR7h5bcpG0b2bem0XY1hq3npc4JXZlkl1-NwR65naA9IB2nznNbV0m5IfCT9r5OKf8up3u30GFXvd6EBgEGgWDdeRTkR5AGS1AFiKHg0KRgxIpgCtKWmtQg3c6g3U7ImKfL93eN-Q:1umFs6:0ESfepZepohkb-dHrB9ma0zfWjVfRuyxVO86LFF3RYE	2025-08-27 18:06:46.286236+00
6oaandiu97cjt3ndkvp1zfdnvsdd1l54	.eJxVjMsOwiAQRf-FtSE8BhlcuvcbCDAgVQNJaVfGf7dNutDtPefcN_NhXapfR579ROzCgJ1-txjSM7cd0CO0e-ept2WeIt8VftDBb53y63q4fwc1jLrVSE4QEiAlCSgcKC1K0NZmocliAVcMaAXl7KKILjpCY1FIo-TmFss-X8W7Nqc:1ut2Cp:BN81OWbAN2UlciCChnQ22crMyprLJvFvP79V4AJVIbI	2025-09-15 10:56:11.110503+00
5e15azr7kymky7fijr13u2nx3mec4tjz	.eJxVjMsOwiAURP-FtSE8BVy69xvI5V4qVQNJaVfGf5cmXWhmN-fMvFmEbS1x63mJM7ELU-z02yXAZ647oAfUe-PY6rrMie8KP2jnt0b5dT3cv4MCvYw1oHQuqGzlGZMmElaC8-DNSE46gLYqGxGUCGY4EyJNXiTh0CRBTrPPF9MbN20:1utpNY:-zkXAdkq5OA7X8daRH3UTyazkpys2XEBoa48ljxDzxg	2025-09-17 15:26:32.286444+00
ypk4kjaaeid5b4k7leoprngwh2t1uuxi	.eJxVjMEOwiAQBf-FsyFAgYJH7_0GAruLVA0kpT0Z_9026UGvb2bem4W4rSVsnZYwI7uygV1-txThSfUA-Ij13ji0ui5z4ofCT9r51JBet9P9Oyixl70GoxUapQx6I5POEkYhjKPRgY0ygVGWBg0k8-CtRCciZYfeW1TC7yL7fAHPvDdN:1uu7Ny:m1RZTm0V_Mw8PsGmGsDqZ7Yl79E1aK6vs7a21hmHNDk	2025-09-18 10:40:10.701247+00
vv9yzqd2d65fmlgy8n464vlac0als8e0	.eJxVjDsOwyAQBe9CHSHAfFOm9xnQ7gLBSYQlY1dR7h5bcpG0b2bem0XY1hq3npc4JXZlkl1-NwR65naA9IB2nznNbV0m5IfCT9r5OKf8up3u30GFXvd6EBgEGgWDdeRTkR5AGS1AFiKHg0KRgxIpgCtKWmtQg3c6g3U7ImKfL93eN-Q:1up6sH:bw3puX94KcbffvSkRofl72mJsqPrWivJogHhWAT0LdI	2025-09-04 15:06:45.878671+00
ywesbid8m9et0dyguu7oqfxsnve32qoy	.eJxVjDsOwyAQBe9CHSHAfFOm9xnQ7gLBSYQlY1dR7h5bcpG0b2bem0XY1hq3npc4JXZlkl1-NwR65naA9IB2nznNbV0m5IfCT9r5OKf8up3u30GFXvd6EBgEGgWDdeRTkR5AGS1AFiKHg0KRgxIpgCtKWmtQg3c6g3U7ImKfL93eN-Q:1ukPpO:mzXZ-MHI1QqHIkPmLPSlh9fX-7rItraFVSlp0Crhebk	2025-08-22 16:20:22.386691+00
gunyg0i860zj71uiq09ayh48svlbpfkx	.eJxVjDsOwyAQBe9CHSHAfFOm9xnQ7gLBSYQlY1dR7h5bcpG0b2bem0XY1hq3npc4JXZlkl1-NwR65naA9IB2nznNbV0m5IfCT9r5OKf8up3u30GFXvd6EBgEGgWDdeRTkR5AGS1AFiKHg0KRgxIpgCtKWmtQg3c6g3U7ImKfL93eN-Q:1ukRcc:H5Ai0rbVbgxg0Xovy18QVjUIO8CjPAFRWsPsmHIIzC4	2025-08-22 18:15:18.595018+00
\.


--
-- Data for Name: dp_ses_management_colaborador; Type: TABLE DATA; Schema: public; Owner: hrrbc
--

COPY public.dp_ses_management_colaborador (registro, matricula, cargo, funcao, numero_conselho, uf_conselho, turno, status, data_admissao, nome_mae, nome_pai, data_nascimento, naturalidade, estado_civil, cpf, documento_militar, grau_instrucao, celular, email, cep, endereco, bairro, cidade, numero, dias_trabalho, estado_vota, jornada_trabalho, nome_completo, nome_conselho, numero_ctps, numero_pasep, rg_completo, secao_eleitoral, serie_ctps, setor_trabalho, telefone_fixo, tipo_contrato, titulo_eleitor, uf, uf_ctps, zona_eleitoral, observacoes, complemento) FROM stdin;
7	91926/01	medico	Médico Intensivista	6954	PE	diarista	ativo	1998-12-18	Iracema G. dos Santos 	Antenor Gomes dos Santos	1953-11-14	Arcoverde/PE	casado	13570609472	257967	Superior 	8788158087	aldenorsuci@gmail.com	56506590	Praça da Bandeira 	Centro	Arcoverde	162	Seg-Sex	PE	30H/semana	Aldenor Gomes dos Santos 	CRM		180.870.032-98	990.963 SSP-PE	69	None	evolucionista	\N	SES	001450842003	PE	None	1	\N	\N
10	3592715/01	analista	Fonoaudióloga 	4-6218	PE	plantonista	ativo	2022-07-11	Ivanilda Costa da Silva	Severino Costa Sobrinho	1972-07-19	Recife/PE	casado	88079112487	\N	Superior 	81996402428	anafono.c@gmail.com	55270000	Rua Joaquim Totel 		Venturosa	34	Domingo á domingo	PE	24x120	Ana Claúdia Costa Tenório 	CRF	91109 	\N	3.953.353 SDS PE 	0012	00042	clinica_cirurgica	\N	SES	038827340841	PE	PE	120	\N	\N
24	1370235/01	auxiliar	Auxiliar de camara	\N	\N	diarista	ativo	1993-08-11	Maria Nunes Ribeiro	José Tenório de Barros	1967-03-23	Arcoverde/PE	casado	49590189415	21111200054	2 grau completo 	8799322942	arnaldo.art.tenorio@gmail.com	56506900	Rua Antônio Dias de Araújo 	São Miguel	Arcoverde	96	Seg-Sex	PE	30H/semana	Arnaldo Tenório Ribeiro de Barros	\N	43952	123.116.443-61	0060	0094	00009		\N	SES	386145708109	PE	PE	057	\N	\N
198	1346350/01	assistente	Auxiliar de Enfermagem 	20869	PE	diarista	ativo	1993-05-19	Domingas Maria da Silva	Amerino Cândido da Silva	1972-05-29	Osasco/SP	viuvo	74913980491	\N	2° Grau Incompleto	8781234822		56512180	Rua Joaquim Florêncio	São Cristóvão	Arcoverde	103	Seg-Sex	PE	30H/semana	Valéria Aparecida da Silva	COREN		170.583.020.98	4079659	0085		almoxarifado	\N	SES	366842708/92	PE		057	\N	\N
19	217752/03	medico	Médico Tocoginecologista	10369	PE	quinta	ativo	2011-08-11	Terezinha Galindo Lima	Antenor Ferreira Galindo Lima	1963-05-03	Paulo Afonso/BA	solteiro	33729298453	\N	Superior	8796290173	galindoantenor1@gmail.com	56512070	Rua Umburana 	Coliseu 	Arcoverde	171	Quinta-Feira	PE	24x144h 	Antenor Galindo Lima	CRM	93474	\N	1467.998 SSP AL	0011	00002	plantonista	\N	SES	006605310817	PE	BA	128	\N	\N
21	86128/01	assistente	Técnico de Enfermagem 	509.472	PE	plantonista	ativo	2007-08-31	Rita Francisca de Santana	Severino José de Santana	1973-08-20	São Lourenço da Mata/PE	solteiro	77050215449	RA-210752349238	2 grau completo 	87991453065	josesantana1959@hotmail.com	56512520	Rua 04	Cohab II	Arcoverde	47	Domingo á domingo 24x120	PE	30H/semana	Antônio José de Santana	COREN	033797	1.7060441482	4.385.327 SSP/PE	0033	00034	bloco_cirurgico	\N	SES	401622008/68	PE	PE	055	\N	\N
27	210435/01	assistente	Auxiliar de Enfermagem 	22892	PE	plantonista	ativo	2005-11-09	Ivonete Freire Pereira da Silva 	Aurivoneudo Pereira da Silva	1972-09-01	Arcoverde/PE	solteiro	67992919491	\N	2 grau completo 	8774008425	vonnfreire@live.com	56503280	Rua Nilo Peçanha 	São Cristovão	Arcoverde	321	Domingo á domingo 24x120	PE	30H/semana	Aurivoneudo Freire Pereira da Silva	COREN	3456	1.901.427.097-9	3.740.258	0017		uti	\N	SES	038608570809	PE		57	Número fake da carteira de trabalho	\N
28	227850/01	medico	Clínico Geral	8026	PE	domingo	afastado	2005-10-13	Josefa Teixeira do Nascimento	Brasiliano Fortunato da Silva	1957-07-01	Recife/PE	casado	15246213404	122241583-6	Superior 	81999054681	bforte82@hotmail.com	52221150	Rua Adolfo Simões Barbosa	Cajueiro	Recife	693	Domingo	PE	24x144	Braulino Fortunato da Silva	CRM	02156	107.41826.75-2	1.390.160	69	512	plantonista	8138218325	SES	61117508/09	PE	PE	9	Licença Médica por inválidez Laudo N°160825	\N
35	210113/01	analista	Enfermeira	101834	PE	plantonista	ativo	2006-02-18	Maria Solange Duarte Conrado	João Conrado da Silva	1972-09-26	Poção/PE	solteiro	85699691472	\N	Superior	8796388083	cristianejduarte@hotmail.com	5652000	Avenida Airton Sena	Centro	Buíque	96	Domingo á domingo	PE	24x120	Cristiane Maria Duarte Silva	COREN	39979	\N	423.6877 SSP PE	0005	00038	maternidade	\N	SES	359.505.508-25	PE	PE	113	\N	\N
42	1348442/01	assistente	Auxiliar de Enfermagem 	518.697	PE	plantonista	ativo	1993-05-21	Maria Zélia Torres Paiva	Djalma Correia Paiva	1972-01-12	Pesqueira/PE	casado	74421255491	\N	2 grau completo 	87991621453	djanepaiva9@gmail.com	56512200	Avenida Gumercindo Cavalcanti	Tamboril	Arcoverde	08	Domingo á domingo	PE	24x120	Djane Geralda Torres Paiva	COREN	75049	1.705.830.528-3	3.952.700 SDS/PE	0147	00035	uti	\N	SES	036669410850	PE	PE	055	\N	\N
43	3580296/01	assistente	Tec. Enfermagem 	524329	PE	plantonista	ativo	2018-04-01	Maria Tereza Tenório	Francisco Cordeiro Tenório Vaz	1969-11-25	Garanhus/PE	casado	76571130491	\N	2 grau completo 	87999119642	ecil_az@hotmail.com	56516030	Rua Cinco de Julho	Pôr do Sol	Arcoverde	139	Domingo á domingo	PE	24x120	Ecileni Tenório Vaz	COREN	00453	20913507177	4.025.325 SDS/PE	88	00071	clinica_cirurgica	\N	SES	032496490841	PE	PE	57	\N	\N
49	31474/03	analista	Enfermeira	250.162	PE	plantonista	ativo	2015-05-04	Suely Maria Nunes 	Emidio Nunes Filho	1982-11-05	Sertânia/PE	casado	04381200438	\N	Superior 	8791051336	elainenunes9@hotmail.com	56600000	Avenida Joaquim Nabuco	Centro	Sertânia	260 A	Domingo á domingo	PE	24x120	Elaine Cristina Nunes	COREN	47.096	1.900.872.279-0	6.190.028	0033	00062	maternidade	\N	SES	058136720808	PE	PE	062	\N	\N
52	209792/02	assistente	Auxiliar de Enfermagem 	22160	PE	plantonista	ativo	2005-10-10	Maria José da Silva	\N	1970-12-15	Venturosa/PE	casado	82048827420	\N	2 grau completo 	8791068079	elianetenorio56@gmail.com	55270000	Rua Bairro Novo	Centro	Venturosa	31	Domingo á domingo	PE	24x120	Eliane Tenório Cavalcanti	COREN	95.873	\N	4324089	0012	00009	clinica_cirurgica	\N	SES	353100308-09	PE	PE	120	\N	\N
54	88230/05	analista	Enfermeira	58788	PE	plantonista	ativo	2018-09-03	Josefa Costa de Souza	João Joaquim de Souza	1971-12-24	Rio de Janeiro	divorciado	78963990400	\N	Superior 	8791168924	elisacostas1@hotmail.com	55200000	Rua Otavio Bezerra do Rego Barros 	Centro	Pesqueira	36	Domingo á domingo	PE	24x120	Elisabete Costa de Souza	COREN	87897	1303131945-0	1.424.126 SSP/PB	96	00015	bloco_cirurgico	\N	SES	054364030850	PE	PE	55	\N	\N
78	87911/01	medico	Médico Ultrassonografista	10.602	PE	diarista	ativo	1993-10-14	Alayde Gomes Padilha 	Gildo Nery Padilha	1965-10-26	Arcoverde/PE	casado	49566490453	\N	Superior	8788088702	gildonery@uol.com.br	56506590	Praça da Bandeira	Centro	Arcoverde	63	Seg-Sex	PE	20H/Semana 	Gildo Nery Padilha Filho	CRM	43874	1705875922-5	12677607 SSP/PE	0035	00022	evolucionista	\N	SES	175511908/68	PE	PE	057	\N	\N
32	86396/01	assistente	Auxiliar de enfermagem	258438	PE	plantonista	ativo	1998-04-17	Rita Teresa da Silva	Antonio Bezerra da Silva	1974-05-22	Sertânia/PE	casado	99393913404	0	2º Grau	87991666338	cbsegito@yahoo.com.br	56560000	Loteamento Jardim Cocane	Centro	Sertânia/PE	35	Dom-Dom	PE	24hx120h	Cilene Bezerra Silva do Egito	COREN	21994	12949952196	42669666 SSP/PE	0069	00040	maternidade	\N	SES	043220020892	PE	PE	062	ESCOLARIDADE CONFIRMAR	\N
55	3989380/01	assistente	Tec. Enfermagem 	000.753.047	PE	plantonista	ativo	2020-04-15	Elizabeth de Freitas Cavalcanti	Sebastião de Melo Cavalcanti	1988-11-21	Arcoverde/PE	casado	09476009497	\N	2 grau completo 	8791126977	eliscavalcanti198@gmail.com	56517020	Avenida Dom Pedro II	Santa Luzia	Arcoverde	48	Domingo á domingo	PE	24x120	Elisangela de Freitas Cavalcanti Andrade	COREN	90.473	\N	7813983	0052	00040	bloco_cirurgico	\N	SES	07312050085	PE	PE	057	\N	\N
165	1338811/01	analista	Psicólogo	02/13159	SP	diarista	ativo	1993-05-19	Cecília Ferreira Rolim	Otávio José Rolim	1959-07-04	None	solteiro	25002724434	\N	Superior 	8796150980	otavio.rolim.junior@gmail.com	56509807	Rua Edilberto de Araújo Meira	Sucupira	Arcoverde	157	Seg-Sex	PE	20H/Semana 	Otávio José Rolim Junior	CFP		\N	1768972	0121		administrativo	\N	SES	017604150809	PE		057	\N	\N
86	204824/01	assistente	Auxiliar de Enfermagem 	581.307	PE	plantonista	ativo	2006-12-21	Helena de Souza Almeida Leite	João de Siqueira leite	1982-05-09	São José do Egito/PE	solteiro	04886349463	\N	2 grau completo 	8781061778	hellen.almeida1980@gmail.com						Domingo á domingo	PE	24x120	Hellen Shirley Almeida Leite	COREN	78345	192744134-7	7.740.677 SDS/PE	116	00025	uti	\N	SES	554218908-09		PB	57	\N	\N
83	226911/01	assistente	Auxiliar de Enfermagem 	551059	PE	plantonista	ativo	2005-10-10	Maria da Glória Brito Cavalcanti	Napoleão Brito Cavalcanti	1965-11-24	Itororó/BA	solteiro	50394045491	\N	None	8791128713	glaudia_maria@hotmail.com	56505090	Rua Antônio Feitosa de Oliveira	Centro	Arcoverde		Domingo á domingo	PE	24x120	Glaudia Maria Cavalcanti de Brito	COREN	67929	1221905311-5	1.080.495 SSP/PE 	46	00007	farmacia	\N	SES	035561760892	PE	PB	57	\N	\N
90	3564207/01	assistente	Técnico de Enfermagem 	1096728	PE	plantonista	ativo	2017-05-03	Maria José Oliveira Barbosa 	Inácio João Barbosa	1983-11-30	Afogados da Ingazeira/PE	casado	05216894497	RA: 211312006318	Superior Completo	87996601280	ivanildo_tabira@hotmail.com	56780000	Rua Oliveira Santos 	Centro	Tabira	224	Dom-Dom	PE	24hx120h	Ivanildo Oliveira Barbosa	COREN	11.087	131.47212.45-8	693.525.3 SDS/PE	0044	00064	uti	\N	SES	063689530876	PE	PE	050	\N	\N
87	86463/01	assistente	Agente em saúde	87761	PE	plantonista	ativo	1998-07-14	Luzia Benevides de Sousa	Luiz de Sousa Beserra	1964-06-19	Pedra/PE	solteiro	68289090463	\N	Ensino Médio Completo	87999272041	mariacarlaieda@gmail.com	56520000	Avenida José Emílio de Melo	Centro	Buíque	222	Dom-Dom	PE	2 plantões x12h	Ieda Maria de Sousa	COREN	027645	123.98318.127	3.609.511 SSP/PE	0110	00009	same	\N	SES	018092640809	PE	PE	060	\N	\N
94	1311514/01	assistente	Pintor	\N	\N	plantonista	ativo	1990-11-13	Maria Luiza da Silva 	Antônio Francisco da Silva	1970-09-07	Pedra/PE	casado	77254643449	RA: 307215-P	Ensino Fundamental 	8796588407	francisco@gmail.com	56503270	Rua Humberto de Campos	São Cristóvão	Arcoverde	502	Dom-Dom	PE	12hx36h	Jair Francisco da Silva 	\N	None	77254643449	414188.4 SSP/PE	0010	None	recepcao	\N	SES	356480508/84	PE	None	058	email desatualizado, CTPS, RG;	\N
100	3580636/01	assistente	Tec. Enfermagem 	916838	PE	plantonista	ativo	2018-09-03	Maria Anunciada Brandão	Milton Batista Brandão	1969-08-18	Ibimirim/PE	casado	74332937449	\N	2 grau completo 	8788457129	jocilene_brandao@hotmail.com	56580000	Rua Santana Isabel 	Centro	Ibimirim	221	Domingo á domingo	PE	24x120	Jocilene Batista Brandão	COREN	34.193	1.701.076.289-7	4020415/505	0010	0098	clinica_cirurgica	\N	SES	034109370841	PE	PE	128	\N	\N
99	1299212/01	medico	Médico	9420	PE	diarista	ativo	1990-10-18	Sineide Albuquerque Vidal Veiga	João Veiga de Leitão Albuquerque	1963-12-04	Recife/PE	casado	45978042420	\N	Superior 	8199441252	joaoveigafilho06@gmail.com						Seg-Sex	None	20H/Semana 	João Veiga Leitão de Albuquerque Filho	CRM	26437	\N	229.808-6 SSP/PE	None		evolucionista	\N	SES	\N			None	Número falso da carteira de trabalho	\N
106	83991/03	analista	Farmacêutica	01747	PE	plantonista	ativo	1998-08-18	Maria Helena Batista de Andrade 	José Lopes de Andrade	1962-06-15	Sertânia/PE	casado	45841608487	\N	Superior Completo	87999032509	joseleinemoreira@gmail.com	56516170	Rua Itália 	Pôr do Sol	Arcoverde	5	Dom-Dom	PE	2 plantões x 12h	Joseleine Aparecida Batista de Andrade Moreira 	CRF	50053	12273478625	227.073.1 SSP/PE	0005	0023	farmacia	\N	SES	53447008109	PE	PE	062	\N	\N
77	86451/02	assistente	Técnica de Enfermagem	307.468	PE	plantonista	ativo	2006-10-03	Elenilda Amaral da Silva 	Adalberto Gomes da Silva	1960-11-17	Custódia/PE	casado	68423640434	\N	2 grau completo 	8791641502	giceliaamaral3@gmail.com	56640000	Avenida Dr Manoel Borba 	Centro	Custódia	468	Domingo á domingo	PE	24x120	Gicelia Amaral Gomes de Souza	COREN	69951	1.706.652.211-5	1.945.656	0074		clinica_cirurgica	\N	SES	18452450830	PE		065	\N	\N
56	211087/04	analista	Enfermeiro	118162	PE	plantonista	ativo	2005-10-13	Elisabete de Souza Cavalcanti	Amauri de Siqueira Cavalcanti	1971-02-16	Arcoverde/PE	solteiro	59958910497	307603-P	Superior Completo	87991350820	elismarcavalcanti@hotmail.com	56503074	Praça São Cristóvão	São Cristóvão	Arcoverde	77	Dom-Dom	PE	24hx120h	Elismar de Souza Cavalcanti	COREN	69878	124.45454.42.7	3.607.016 SDS/PE	0071	00009	uti	\N	SES	037592350817	PE	PE	057	\N	\N
57	3986225/01	assistente	Tec. Enfermagem 	001.476.778	PE	plantonista	ativo	2022-07-05	None	\N	2000-02-12	None	solteiro	12425391401	\N	2 grau completo 	8799402887	emanueldasilvaoliveira_400@gmail.com	56506610	Avenida Severiano José Freire	Centro	Arcoverde	544	Domingo á domingo	PE	24x120	Emanuel da Silva Oliveira	COREN		\N	9.895.323	0094	None	bloco_cirurgico	\N	SES	098929960884	PE	None	143	\N	\N
60	3992900/01	assistente	Tec. Enfermagem 	001.518.446	PE	plantonista	ativo	2020-04-29	Nercy Maria Freire	Erasmo Bezerra da Silva	1984-10-05	Arcoverde/PE	casado	05704644473	\N	2 grau completo 	8796827344	eraynne84@gmail.com	56503402	Rua Flor de Lis	São Cristóvão	Arcoverde	230	Domingo á domingo	PE	24x120	Eraynne Freire Bezerra	COREN	65.429	\N	6967212	0102	00040	clinica_cirurgica	\N	SES	062509920868	PE	PE	057	\N	\N
64	210800/01	assistente	Auxiliar de Enfermagem 	1200619	PE	plantonista	ativo	2005-10-31	Margarida Francisca Lima	Tibério José dos Santos	1975-10-31	Tacaratu-PE	casado	02660991499	\N	None	8799206790	fabianateles_teles@hotmail.com	56460000		Sítio Gameleira	Tacaratu		Domingo á domingo	PE	24x120	Fabiana Lima dos Santos Teles	COREN	46.510	\N	5547963	0032	00008	clinica_cirurgica	\N	SES	443614108-68	PE	PE	089	\N	\N
66	90168/01	analista	Enfermeiro 	72591	PE	plantonista	ativo	1998-04-16	Severina Maria Gomes	Arnaldo Gomes de Souza	1969-03-24	Limoeiro/PE	casado	69562741400	\N	Superior 	8799615515	fabioss69@yahoo.com.br	56516160	Rua Luíz Bispo da Silva	Pôr do Sol	Arcoverde	17	Domingo á domingo	PE	24x120	Fábio Souza e Silva	COREN	12346	\N	3.242.429	017		uti	\N	SES	334548208-50	PE	PE	135	Número falso da carteira de trabalho	\N
70	227204/02	assistente	Auxiliar de Enfermagem 	87761	PE	plantonista	ativo	2005-10-31	Marlene Barboza de Souza Teles 	Jonas Teles Rocha	1965-10-02	Recife/PE	viuvo	56107609415	\N	2 grau completo 	87998105241	floripesteles@hotmail.com	56512250	Rua Quatro 	Cohab II	Arcoverde	89	Domingo á domingo	\N	24x120	Floripes Teles Ferreira	COREN	74607	124122138-62	3.073.374 SSP/PE	\N	00009	maternidade	\N	SES	\N	PE	PE	\N	\N	\N
72	1372831/01	assistente	Auxiliar de Enfermagem 	12698	PE	plantonista	ativo	1995-07-01	Terezinha Meneses Mandu Rodrigues 	Antônio Nunes Rodrigues	1973-01-24	Serra Talhada/PE	solteiro	88808912434	\N	2 grau completo 	8796142976	fem.rodrigues@hotmail.com	56500000	Rua Tito Marques Magalhães 	São Cristovão	Arcoverde	66	Domingo á domingo	PE	2 de 12H	Francisca Edvalda Meneses Rodrigues	COREN	68679	\N	4845945 SSP/PE	0041		farmacia	\N	SES	373884708/92	PE		071	Número falso da carteira de trabalho	\N
108	208106/02	analista	Fisioterapeuta	59545-F	PE	plantonista	ativo	2006-10-11	Azenilda Cipriano Barbosa	Maricelso Coelho Pereira	1980-12-14	Arcoverde	casado	00827504403	\N	Superior 	8781139306	kdcamorim@gmail.com	56512290	Rua Félix Paiva	São Cristóvão	Arcoverde	111	Domingo á domingo	PE	24x120	Karla Danielle Coelho Amorim	CREFFITO	90530	19023526956	5.911.315	0050		uti	\N	SES	055425990825	PE	PE	057	\N	\N
200	3600912/01	assistente	Técnica de Enfermagem	000.511.097	PE	plantonista	ativo	2018-09-03	Aseneta Feitosa dos Santos	Victor Cipliano dos Santos	1957-10-15	Sertânia/PE	casado	90008960453	\N	2 grau completo 	87998025562	valnirafmotta@hotmail.com	56519465	Rua André de Brito Cavalcante	Boa Vista	Arcoverde	40	Domingo á domingo	PE	24x120	Valnira Feitosa dos Santos Motta	COREN	98777	12343479455	1480506 SDS/PE	0062	513	maternidade	\N	SES	017580850841	PE	PE	057	\N	\N
110	3587622/01	analista	Fisioterapeuta	46.952	PE	diarista	ativo	2017-04-27	Gleudes Azevedo Ferreira	Elio Ferreira da Silva	1977-11-15	Montanha/ES	casado	07577936731	\N	Superior	8796031576	kleberazevedoferreira@yahoo.com						Seg-Sex	PE	30H/semana	Kleber Azevedo Ferreira	CREFFITO	40.846	\N	11.310	0157	00013	evolucionista	\N	SES	019338691444		ES	057	\N	\N
113	3805999/02	analista	Enfermeira Intensivista	202704	PE	plantonista	ativo	2019-07-03	Lúcia Maria Gomes de Siqueira	Manoel Benício de Siqueira Neto	1985-01-23	Arcoverde/PE	divorciado	05510743450	\N	Superior	8791818191	livinha.anajulia.gomes@gmail.com	56517610	Rua Maria Tenorio Brito	Boa Vista	Arcoverde	11	Domingo á domingo	PE	24x120	Lívia Manuela Gomes de Siqueira	COREN		14286696274	6715710 SDS/PE	53		uti	\N	SES	062520530892	PE		016	\N	\N
117	236485/04	medico	Clínico Geral	12479	PE	quarta	ativo	2005-08-12	Lenita de Franco de Faria Henrique	Carlos Pacheco Henrique	1968-09-08	São Paulo/SP	casado	08925231824	\N	Superior 	87999384771	clinicolucianohenrique@gmail.com	56504140	Rua Joaquim Belarmino Duarte	Centro	Arcoverde	270	Quarta-Feira	SP	24x144	Luciano de Farias Henrique	CRM		\N	199.206.31 SSP/SP	016		plantonista	\N	SES	741.741.503.02	PE		0057	\N	\N
121	237234/01	assistente	Auxiliar de Enfermagem 	576662	PE	plantonista	ativo	2005-10-18	Alaide Pereira da Silva	João Nemésio Lourenço	1970-03-18	Custódia/PE	casado	68079338434	\N	2 grau completo 	87999317087	marciadieggo@gmail.com	56600000	Avenida Presidente Vargas	Centro	Sertânia	846	Domingo á domingo	PE	24x120	Márcia Pereira da Silva	COREN	55098	125.326.098-28	3.832.537 SSP/PE	3	00009	maternidade	\N	SES	032732860841	PE	PE	62	\N	\N
153	3997030/01	assistente	Técnico de Imobilização Ortopédica	0753	PE	plantonista	ativo	2021-12-10	Maria do Socorro Lino Cordeiro	José Cordeiro Gomes Irmão	1989-01-29	Arcoverde/PE	casado	08212327469	RA: 210993-2	Ensino Médio Completo	87988038175	matheus.2021mlc@gmail.com	56503110	Rua Cailandia	São Cristóvão	Arcoverde	317	Dom-Dom	PE	24hx120h	Matheus Lino Cordeiro	ASTEGO	93.670	\N	827.678.5 SDS/PE	0154	00040	imobilizacao	\N	SES	0731.3220.0992	PE	PE	057	FALTA PASEP;	\N
155	1689860/02	assistente	Técnica de Enfermagem	418.971	PE	plantonista	ativo	2018-05-08	Maria de Lourdes Feitoza Aguiar 	Fernando Antonio Aguiar	1983-11-25	Arcoverde/PE	casado	01125474432	\N	Ensino Médio Completo	87991612930	nanda.buchecha@hotmail.com	56503570	Rua Padre José de Anchieta	São Cristóvão	Arcoverde	382	Dom-Dom	PE	24hx120h 	Mayra Fernanda Feitoza Aguiar	COREN TÉC.	46667	129.07261.45.4	649.417.6 SDS/PE	0114	00040	maternidade	\N	SES	0605.9070.0809	PE	PE	057	\N	\N
158	1292161/01	assistente	Auxiliar de Laboratório	\N	\N	plantonista	afastado	1990-11-12	Maria do Carmo Almeida e Silva	Moassi Mendonça Almeida	1965-09-12	Venturosa/PE	casado	43102662404	\N	Ensino Médio Completo	87991182675	mjrfilmagens@hotmail.com	55270000	Rua Antonio Cazuza de Almeida 	Rio dos Bois	Venturosa	31	Dom-Dom	None	24hx120h	Moacir Junior Almeida e Silva 	\N	36426	1.704.821.258-4	279.023.5 SSP/PE	None	00009	farmacia	\N	SES	\N	PE	PE	None	\N	\N
124	203030/01	medico	Clínico Geral	13064	PE	diarista	ativo	2009-11-23	Ziza Maria Felesmino Pereira Alvarez	Antônio Pereira Alvarez	1976-06-12	Recife/PE	casado	02215212403	\N	Superior	8781620417	mcaferraza@gmail.com	56506610	Avenida Severiano José Freire	Centro	Arcoverde		Seg-Sex	PE	20H/Semana 	Maria Carolina Alvarez Ferraz	CRM	82087	\N	4.850.230	87	00068	ambulatorio	\N	SES	045911200876	PE	PE	57	\N	\N
128	223480/01	assistente	Auxiliar de Enfermagem 	566755	PE	plantonista	ativo	2005-11-09	Geni Leite de Souza Almeida	José Cirilo de Almeida	1971-09-09	Serra Talhada/PE	casado	90015924491	\N	Ensino Médio Completo	87996363489	gracinhacirilo2017@hotmail.com	56503580	Rua Bom Sucesso	São Cristóvão	Arcoverde	330	Dom-Dom	PE	24hx120h 	Maria das Graças Cirilo de Almeida 	COREN AUX.	08929	\N	4.390.603 SDS/PE	0067	00034	uti	\N	SES	553.290.508.50	PE	PE	071	\N	\N
130	3512754/02	assistente	Tec. Enfermagem 	336.100	PE	plantonista	ativo	2018-09-03	Maria de Lourdes lima Pereira	José Deilton Pereira	1976-11-14	Recife/PE	divorciado	02167575416	\N	2 grau completo 	87999385407	deildespereira@hotmail.com	56503270	Rua Humberto de Campos	São Cristóvão	Arcoverde	179	Domingo á domingo	PE	24x120	Maria Deildes Pereira	COREN	13540	132.59985.45-9	5213419 SSP/PE	0106	00040	clinica_cirurgica	\N	SES	47015100817	PE	PE	057	\N	\N
135	3567591/01	assistente	Tec. Enfermagem 	1111431	PE	plantonista	ativo	2018-09-14	Terezinha Gomes Bezerra	Antônio Rufino Bezerra	1978-09-13	Sertânia/PE	solteiro	29799347807	\N	2 grau completo 	8796772237	melisangela1@hotmail.com	56780000	Rua Francisco Lucena 	Fátima 02	Tabira	06	d	PE	24x120	Maria Elisangela Gomes Bezerra	COREN	30654	129.70850.93-3	37.388.863-6 SSP/SP	0016	00059	clinica_cirurgica	\N	SES	054556900825	PE	BA	050	\N	\N
138	3592545/01	assistente	Tec. Enfermagem 	1018323	PE	plantonista	ativo	2018-09-19	Neusa Lopes da Silva	Alexandrino Moises da Silva	1973-02-22	Sertânia/PE	casado	86198629449	\N	2 grau completo 	8791358426	josuemayra1@hotmail.com	56600000	Rua B	Cohab 	Sertânia		Domingo á domingo	PE	24x120	Maria Helena Silva dos Santos	COREN	76384	12908420459	4.203.703	0017	0035	clinica_cirurgica	\N	SES	037899890892	PE	PE	0062	\N	\N
141	1347780/01	assistente	Auxiliar de Enfermagem 	\N	\N	plantonista	ativo	1993-05-19	Lindalva Araújo Campoverde	José Ferreira da Silva	1954-10-02	Venturosa/PE	solteiro	24836486491	\N	2 grau completo 	87999228366		56509420	Rua Cassiano Manoel	São Miguel	Arcoverde	48	Domingo á domingo	PE	12x60	Maria José Ferreira	\N	056663	104.267.379-19	2684928 SSP/PE	0012	319	same	38222921	SES	174886408/84	PE	PE	057	\N	\N
146	3600149/01	assistente	Tec. Enfermagem 	834818	PE	plantonista	ativo	2018-09-19	Maria das Graças Vasconcelos de Melo	Sebastião Nunes de Melo	1981-10-03	Sertânia/PE	casado	04609580462	\N	2 grau completo 	87991610452	silvana_nascimento@hotmail.com	56600000	Rua B	Cohab	Sertânia	27	Domingo á domingo	PE	24x120	Maria Silvana Vasconcelos de Melo	COREN	44803	13522873199	6550310	0090	00072	clinica_cirurgica	\N	SES	0563723808/84	PE	PE	0062	\N	\N
163	3595552/01	assistente	Tec. Enfermagem 	613.167	PE	plantonista	ativo	2018-09-01	Valdenice Tavares Pereira	Givanildo Pereira da Silva	1991-04-10	Pedra/PE	solteiro	07752883492	\N	2 grau completo 	87991187457	nayara_mirelly@hotmail.com	56512510	Rua 3	São Cristóvão	Arcoverde	95	Domingo á domingo	PE	24x120	Nayara Mirelly Tavares Pereira	COREN	94145	2014880195601	8.561.112 SDS/PE	0156	00097	maternidade	\N	SES	081271800884	PE	PE	057	\N	\N
197	3562964/01	assistente	Tec. Enfermagem 	357034	PE	plantonista	ativo	2018-09-03	Clara Jeronimo Ribeiro	José Inácio Ribeiro	1972-07-03	Pesqueira/PE	casado	88268250410	\N	2 grau completo 	87992073071	vricacio032@gmail.com	56512140	Rua Porto Alegre	Prado	Pesqueira	60	Domingo á domingo	PE	24x120	Valdeci Nicácio Ribeiro 	COREN	90458	12551548952	4584262	188	00038	clinica_cirurgica	\N	SES	038393760809	PE	PE	55	\N	\N
199	3588815/01	assistente	Tec. Enfermagem 	10457601	PE	plantonista	ativo	2018-09-02	Maria de Fátima Melo Cavalcanti	Almeri Geraldo de Melo	1988-11-09	Arcoverde/PE	solteiro	07428655412	\N	2 grau completo 		valeriamelo_2014@hotmail.com	56506450	Avenida Professora Luíza Herculano da Silva	Centro	Arcoverde	242	Domingo á domingo	PE	24x120	Valéria de Melo Cavalcanti	COREN	43355	\N	6657765 SDS/PE	0034	0098	clinica_ortopedica	\N	SES	078886570809	PE	PE	057	\N	\N
201	3583490/01	assistente	Tec. Enfermagem 	1513830	PE	plantonista	ativo	2020-04-15	Maria do Socorro Alves de Menezes 	José Tavares de Meneses	1981-08-08	Arcoverde/PE	casado	03821642459	\N	2 grau completo 	87998101582	vanessarodolfo2@gmail.com	56508215	Rua Costa Rica	JK	Arcoverde	661	Domingo á domingo	PE	24x120	Vanessa Alves de Meneses Padilha	COREN		\N	6100000	0115		uti	\N	SES	055366700884	PE		057	\N	\N
205	3571831/01	assistente	Tec. Enfermagem 	551.927	PE	plantonista	ativo	2017-05-05	Evane Maria Cavalcante de Almeida	Paulo Evanilton Cavalcante de Almeida	1987-02-01	Pedra/PE	casado	05877991450	\N	2 grau completo 	8799308590	wanessa.monteiro10@hotmail.com	56509440	Rua Antônio Witschge	São Miguel	Arcoverde	98	Domingo á domingo	PE	24x120	Wanessa Cavalcante Monteiro	COREN	86454	1903004202020	058.779.914-50 SDS/PE	132	00040	bloco_cirurgico	\N	SES	074683110809	PE	PE	60	\N	\N
2	3569306/01	assistente	Técnica de Enfermagem	000.982.582	PE	plantonista	ativo	2018-09-17	Gilda Fernandes da Silva	Ademilson José da Silva	1984-07-07	Arcoverde/PE	solteiro	05785672456	\N	2 grau completo 	8799247455	ajulyannafernandes@gmail.com	56519010	Rua Gilzine Macedo 	Boa Vista 	Arcoverde	162	Domingo á domingo 24x120	PE	30H/semana	Ademilde Julyanna Fernandes da Silva	COREN	0062252	13648043454	6949548	0033	00040	maternidade	\N	SES	061551920892	PE	PE	057	\N	\N
3	1322567/01	assistente	Assistente Administrativo 	\N	\N	diarista	ativo	1991-01-25	Josefa Maria dos Santos 	José Salvador dos Santos	1966-12-18	Garanhus/PE	casado	45491500410	\N	2 grau completo 	87998107344		5650930	Rua Duarte Pacheco 	Centro 	Arcoverde	31	Seg-Sex	PE	30H/semana	Adilson Salvador dos Santos	\N	02179	12389822551	2.894.328 SSP/PE	0059	00021	same	\N	SES	17908/17	PE	PE	057	\N	\N
166	210794/02	assistente	Tec. Enfermagem 	768.604	PE	plantonista	ativo	2018-09-19	Maria Salomé da Natividade de Assis	\N	1970-02-10	Arcoverde/PE	solteiro	79521185449	\N	2 grau completo 	87991732820	patriciaclaudiaassis17@gmail.com	56519340	Rua Três	Cohab I	Arcoverde		Domingo á domingo	PE	24x120	Patrícia Claudia de Assis	COREN	82891	\N	4029389 SSP/PE	0086	00009	maternidade	\N	SES	034873620876	PE	PE	057	\N	\N
6	2572389/03	analista	Enfermeiro 	000.237.555	PE	plantonista	ativo	2017-10-30	Maria do Socorro Cavalcante da Silva 	José Aldemir Novissimo da Silva	1986-05-24	Arcoverde/PE	casado	01058618474	\N	Superior 	87996628440	aldemir1408@yahoo.com.br	56503650	Rua Sebastião de Freitas Lima	São Cristovão 	Arcoverde	368	Domingo á domingo	PE	30H/semana	Aldemir Cavalcante da Silva 	COREN	89.039	\N	6.531.413	0129	00040	clinica_cirurgica	\N	SES	062513000817	PE	PE	057	\N	\N
168	206602/01	assistente	Tec. Enfermagem 	306.843	PE	plantonista	ativo	2006-08-31	Maria das Dores Gomes	Francisco Gomes	1970-07-17	Pesqueira/PE	casado	71749977400	\N	2 grau completo 	87991026392	reginaldog1818650@gmail.com	55200000	Rua Roraima	Prado	Pesqueira		Domingo á domingo	PE	24x120	Reginaldo Gomes	COREN	80501	\N	3.512.135 SSP/PE	0167	 00029	clinica_cirurgica	\N	SES	340003308/09	PE	PE	055	\N	\N
172	3552780/01	assistente	Tec. Enfermagem 	1047.183	PE	plantonista	ativo	2018-09-04	Maria Vandilma da Silva	José Segundo da Silva	1994-11-19	Santo André/SP	solteiro	10773072411	\N	2 grau completo 	87996655810	renatasegundo.silva@hotmail.com	56580000	Rua Manoel Afonso 	Centro	Ibimirim	326	Domingo á domingo	PE	24x120	Renata Segundo da Silva	COREN	04727	1904292588	9.604.024 SDS/PE	0027	00115	clinica_cirurgica	\N	SES	0877239908/33	PE	SP	128	\N	\N
175	90533/01	analista	Enfermeira	81817	PE	plantonista	ativo	1998-04-13	Iris Maria Pessoa de Araújo	Jayme Ramos de Araújo	1973-03-20	Arcoverde/PE	solteiro	84353961420	\N	Superior Completo	81999082797	romina.araujo@belojardim.upe.edu.br	56503250	Avenida José Bonifácio	São Cristóvão	Arcoverde	1615	Dom-Dom	pe	24hx120h	Romina Pessoa Silva de Araújo	COREN	None	\N	4.191.099	0016	None	bloco_cirurgico	\N	SES	3668.3160.876	PE	None	057	Fatla PASEP e CTPS;	\N
207	227599/03	assistente	Técnico de Enfermagem 	302561	PE	plantonista	ativo	2005-04-06	Maria de Lourdes Lopes do Nascimento 	Onofre do Nascimento	1974-02-01	Arcoverde/PE	divorciado	86812890472	\N	Ensino Médio Completo	8791274420	wiscineialopes@hotmail.com	56509635	 Rua Emiliano Lucas da Silva	São Miguel	Arcoverde	70	Dom-Dom	PE	24hx120h	Wiscinéia Lopes do Nascimento Freire	COREN	97439	170.583.02004	4.379.302 SSP/PE	0024	00009	maternidade	\N	SES	40256880809	PE	PE	058	\N	\N
177	2961318/03	analista	Enfermeira Obstétrica	236.174	PE	plantonista	ativo	2015-05-06	Maria do Socorro Nunes Bezerra 	Pedro Nunes Bezerra	1979-01-01	Arcoverde/PE	divorciado	00882621467	\N	Superior 	87996079556		56500000	Rua Tito Marques Magalhães	São Cristóvão	Arcoverde	611	Domingo á domingo	PE	24x120	Rosemary Nunes Bezerra	COREN		\N	5561350	0042		maternidade	\N	SES	05536400884	PE		057	\N	\N
183	184709/02	analista	Enfermeira	024.841	PE	plantonista	ativo	2018-09-08	Maria Muniz Galindo 	Antonio de Lira Galindo	1981-10-16	Pesqueira/PE	casado	03995427448	\N	Pós Graduado	8792096773	si_enf@hotmail.com	55260000	Rua Frei João 	Centro	Alagoinha	158	Dom-Dom	PE	24hx120h 	Sidiane Muniz Galindo 	COREN	86027	1.902.7051.847	5.445.171 SDS/PE	0063	00049	uti	\N	SES	0566.4974.0868	PE	PE	120	\N	\N
182	189800/01	medico	Cirurgião	15060	PE	diarista	ativo	2007-12-04	Maria do Socorro Gois Cavalcanti	João Dino Cavalcanti	1979-07-16	Arcoverde/PE	solteiro	02714750486	\N	Superior	8799220052	sharllesgois@hotmail.com	56504130	Rua Joaquim Bezerra	Centro	Arcoverde	274	Seg-Sex	PE	20 Horas 	Sharlles Gois Cavalcanti	CRM		19019820411	4477490	028		ambulatorio	\N	SES	525403208/41	PE		57	\N	\N
192	3596893/01	analista	Enfermeira Obstétrica 	345.995	PE	plantonista	ativo	2015-05-06	Gerusa Vieira de Almeida 	José Roberto Tenório de Almeida	1985-08-14	Arcoverde/PE	solteiro	05329297486	\N	Pós Graduado	87999183738	taysaxto@hotmail.com	56506650	Rua Aprígio Estevão Tavares de Lima	Centro	Arcoverde	036	Dom-Dom	PE	24hx120h 	Taysa Vieira de Almeida 	COREN	67.488	\N	7.035.287 SDS/PE	0054	00040	maternidade	\N	SES	062.529450.850	PE	PE	057	\N	\N
196	1347756/01	assistente	Auxiliar de Enfermagem 	\N	\N	plantonista	ativo	1993-05-19	Marilene Barbosa de Souza 	Jonas Teles Rocha	1964-02-10	Recife/PE	solteiro	51592720463	\N	Ensino Médio Completo	87991302280	None@gmail.com	56512540	Rua Izomar Bizerra da Silva	São Cristóvão	Arcoverde	140	Dom-Dom	PE	24hx120h	Tibério Teles Rocha	\N	37605	124.08298.71.9	277.199.4 SDS/PE	None	00009	bloco_cirurgico	\N	SES	\N	PE	PE	None	COREN e Email	\N
202	2826739/01	analista	Enfermeira	114366	PE	plantonista	ativo	2018-09-01	Maria do Carmo Soares Lima	Manoel Gomes de Lima	1986-08-03	Feira de Santana/BA	solteiro	01074449410	\N	Superior 	87996058695	vanessagomesdelima@hotmail.com	56503080	Rua Antônio Soares Tota	Centro	Arcoverde	07	Domingo á domingo	PE	24x120	Vanessa Gomes de Lima	COREN	26912	19045600601	7593543 SDS/PE	0036	0098	bloco_cirurgico	\N	SES	075295120817	PE	PE	057	\N	\N
219	86451/01	assistente	Agente de Saúde 	207.468	PE	plantonista	ativo	1998-07-14	Elenilda Amaral da Silva 	Adalberto Gomes da Silva	1960-11-17	Custódia/PE	casado	68423640434	\N	2 grau completo 	8791641502	giceliaamaral3@gmail.com	56640000	Avenida Dr Manoel Borba 	Centro	Custódia	468	Domingo á domingo	PE	24x120	Gicelia Amaral Gomes de Souza	COREN	69951	1.706.652.211-5	1.945.656	0074		clinica_cirurgica	\N	SES	18452450830	PE		065	\N	\N
11	227903/03	medico	Médica Anestesista 	11682	PE	diarista	ativo	2005-08-01	Erenita de Menezes Monteiro 	Adelino Aureliano Monteiro	1971-08-13	Arcoverde	solteiro	87912937404	\N	Superior 	8799423301	monteiromenezesap@gmail.com	56503680	Rua Maria Luiza de Lira R.	Centro 	Arcoverde	379	Segunda- Sexta	PE	20 Horas 	Ana Paula de Menezes Monteiro	CRM	31281	190146856-64	3702421 SSP/PE	None		same	\N	SES	037226230817	PE		None	\N	\N
167	222401/04	medico	Médico Cardiologista	13.381	PE	diarista	ativo	2005-06-13	Nadege Caldas Siqueira Leal	Herbert Bezerra Leal	1975-10-25	Recife/PE	casado	90088298434	\N	Superior 	8796029649	ragnar@cardiol.br	56504115	Rua Maria Luíza de Barros	 Alto Cardeal	Arcoverde	50	Seg-Sex	PE	20H/Semana 	Ragnar Siqueira Leal	CRM		1901.264.604-1	4328300	57		evolucionista	\N	SES	470134708-84	PE		88	\N	\N
26	1304330/01	medico	Médico Cardiologista	8045	PE	diarista	ativo	1991-01-01	Josefa Soares de Amorim 	Carlos Pessoa de Amorim	1957-01-31	Recife/PE	casado	10142401404	\N	Superior 	87999384224		56506520	Rua Idelfonso Freire 	Centro	Arcoverde	02	Seg-Sex	PE	20H/Semana 	Augusto César Soares de Amorim	CRM		\N	1.299.569 SSP PE	26		evolucionista	\N	SES	0049991508/09	PE		57	\N	\N
13	221846/03	medico	Médico Cardiologista	13269	PE	diarista	ativo	2005-09-04	Maria Inês da Silva	Gercino Antonio da Silva	1975-05-29	Arcoverde/PE	casado	02119028451	\N	Superior 	81999620591	andrefabio38@hotmail.com		Rua Manoel Coelho Pereira	São Miguel 	Arcoverde	45	Segunda- Sexta	PE	20 Horas 	André Fabio da Silva	CRM	8969	\N	4683334 SSP PE	0032		administrativo	\N	SES	449951908/92	PE		057	Número fake da carteira.	\N
22	1286447/01	assistente	Vigia	\N	\N	plantonista	ativo	1990-03-30	Josefa Gomes de Araújo 	Antônio Bezerra de Araújo	1965-02-03	Venturosa/PE	solteiro	44107307468	\N		87991557742	aparecidogomes224@gmail.com	55280000	Rua Capitão Manoel Leite	Centro	Pedra	145	Domingo á domingo 12hx36h	PE	12hx36h 	Aparecido Gomes de Araújo	\N	33764	170482145-79	2.937.933	0002	00009	recepcao	\N	SES	176969208/50	PE	PE	058	\N	\N
9	3566293/01	analista	Enfermeira 	000.328.999	PE	plantonista	ativo	2018-09-02	Maria José Mariano Gama 	Djaci Carvalho Gama	1988-08-17	Pedra/PE	casado	07924560416	\N	Superior 	87996429774	alinem_gama@hotmail.com	55280000	Rua Francisco Macambira 	José Campelo	Pedra	151	Domingo á domingo 24x120	PE	30H/semana	Aline Mariano Gama 	COREN	83507	\N	7.647.381 SDS PE	11	00040	clinica_cirurgica	\N	SES	075013030876	PE	PE	58	\N	\N
14	81910/01	medico	Médico Tocoginecologista	10556	PE	diarista	ativo	1993-10-01	Celina Carvalho Costa	Luiz Gonzaga da Costa Souza	1964-06-16		divorciado	40861139453	22.030.200755-8	Superior	8799556069	clinica.drandre@hotmail.com	56540000	Rua Alto de São Felix 	Centro 	Tupanatinga		Segunda- Sexta	PE	20H/Semana 	André Francisco de Carvalho Costa	CRM	6805206	123.49134.06-910	1.908.344 SSP PE 	0096	0050	evolucionista	\N	SES	472640008/41	PE	PE	060	\N	\N
23	3577678/01	assistente	Tec. Enfermagem 	000.299.747	PE	plantonista	ativo	2018-05-20	Cícera maria da Costa Nogueira	Aldenor Souza Nogueira	1980-09-07	Águas Belas/PE	divorciado	04503202430	\N	Superior	87996160266	arleir_nogueira@hotmail.com	56512510	Rua 03	São Cristovão	Arcoverde	96	Domingo á domingo 24x120	PE	30H/semana	Arleir da Costa Nogueira 	COREN	041586	20752598036	6.250.366 SSP PE	0112	00040	uti	\N	SES	052456120892	PE	PE	057	\N	\N
12	3592570/01	assistente	Técnica de Enfermagem	350.843	PE	plantonista	ativo	2020-04-23	Maria da Conceição Alves 	\N	1973-06-19	Paulo Afonso/ Bahia 	divorciado	89219007487	\N	2 grau completo 	87991426885	anasuerdarabelo@gmail.com	56503350	Rua Cristovão Colombo 	São Cristovão	Arcoverde	431	Domingo á domingo	PE	24x120	Ana Suerda da Conceição Alves Rabelo	COREN	76044	130.87150.45-1	4.895.436 SDS PE 	0074	00006	maternidade	\N	SES	038979990833	PE	PE	057	\N	\N
18	210174/01	assistente	Auxiliar de Enfermagem 	576.652	PE	plantonista	ativo	2005-10-10	Creuza Florêncio da Silva 	Francisco Zacarias da Silva	1977-09-11	Pesqueira/PE	divorciado	04201007413	\N	2 grau completo 	8791636724							Domingo á domingo 24x120	PE	30H/semana	Andreza Maria Florêncio da Silva	COREN		\N	5.518.808 SSP PE	0142		maternidade	\N	SES	50377420868			055	\N	\N
15	3602095/01	assistente	Técnica de Enfermagem	285454	PE	plantonista	ativo	2018-09-03	Auricelia Bezerra A. Costa 	Antônio Costa Sobrinho	1990-06-06	Paulo Afonso/ Bahia 	solteiro	03577303484	\N	2 grau completo 	8799345174	andrealelk@gmail.com	55200000	Rua Valdemir Ferreira Lopes	São Francisco Prado	Pesqueira 	77	Domingo á domingo	None	24x120	Andrea Bezerra Costa	COREN	647336	\N	5808784	None	00049	maternidade	\N	SES	\N	PE	PE	None	\N	\N
25	3437493/01	medico	Médico Ortopedista	18765	PE	diarista	ativo	2013-07-10	Maria Edilsa Felix Correia Medeiros	José Medeiros de Souza	1985-02-18	Recife/PE	solteiro	97930105334	\N	Superior 	8797840151	arthurluizcm@hotmail.com	56640000	Rua Maria dos Anjos Medeiros	Centro	Cústodia 	52	Seg-Sex	PE	20H/Semana 	Arthur Luiz Correia de Medeiros	CRM	98609	139.753.564-55	6429086 SDS PE	0074	00106	administrativo	\N	SES	66110770876	PE	PE	0065	\N	\N
20	210447/01	assistente	Auxiliar de Enfermagem 	536397	PE	plantonista	ativo	2005-11-13	Hilda Silva de Oliveira 	Alonço Alves de Oliveira	1972-05-26	Pesqueira/PE	solteiro	84757291472	986259	2 grau completo 	8796386458	oberonpesqueira@hotmail.com	55200000	Rua Fernandes Vieira 	Centenario	Pesqueira	264	Domingo á domingo 24x120	PE	30H/semana	Antonio Aldo Silva de Oliveira	COREN	16741	1.706.044.207-1	4433845 SSP PE 	0123	00034	clinica_cirurgica	\N	SES	381574508/41	PE	PE	055	\N	\N
46	84120/02	assistente	Auxiliar de Enfermagem 	221039	PE	plantonista	ativo	2005-04-04	Josefa Alves de Oliveira	José de Oliveira	1972-11-29	Pesqueira/PE	casado	78219329491	\N	2 grau completo 	8791632240	edsontec40@hotmail.com	55200000	Rua da Mandioca 	Caixa d´água	Pesqueira	14-22	Domingo á domingo	PE	24x120	Edson Alves de Oliveira	COREN	90395	\N	4.076.327	0120	00023	bloco_cirurgico	\N	SES	356810408/68	PE	PE	055	\N	\N
8	227216/03	medico	Médico Cardiologista	\N	\N	segunda	ativo	2005-08-07	Maria Lopes de Araújo Galindo 	Antônio Assis Galindo	1967-09-13	Alagoinha/PE	casado	56220421434	\N	Superior 	87991334570	aleciojecem@gmail.com	56506570	R. Escolástica de Albuquerque Padilha	Por do Sol	Arcoverde	136	Segunda-Feira	PE	30H/semana	Alécio Jecem de Araújo Galindo	\N	56577	\N	2.968.764	0009		plantonista	\N	SES	167708608/25	PE		055	Número fake da carteira de trabalho	\N
203	87431/01	assistente	Agente de Saúde 	295469	PE	plantonista	ativo	1998-07-15	Maria Ferreira de Siqueira	José Alves de Siqueira	1968-11-30	Custódia/PE	casado	70677778449	\N	2 grau completo 	87981265533	vilaneide.ferreira16@gmail.com	56640000	Rua Manoel Mariano Sobrinho	Centro	Custódia	257	Domingo á domingo	PE	24x120	Vilaneide Ferreira de Siqueira Rodrigues	COREN	68341	1245538155.4	37777862 SSP/PE	0008		clinica_cirurgica	\N	SES	324538308/33	PE	PE	065	\N	\N
29	3584666/01	analista	Fisioterapeuta	181506-F	PE	plantonista	ativo	2018-12-03	Maria Gidelma Vieira Simões	Silvio Simões dos Santos	1989-09-05	Arcoverde	solteiro	07467471440	\N	Superior	81997831245	brunagraziely@yahoo.com.br	56506500	Rua Prudente de Morais	Centro	Arcoverde	65	Domingo á domingo	PE	24x120	Bruna Graziely Vieira Simões	CREFFITO	37497	15572550004	7.756.762 SDS/PE	0059	0098	uti	\N	SES	073130560876	PE	PE	057	\N	\N
208	3579530/01	assistente	Técnico	1223964	PE	plantonista	ativo	2018-09-04	Maria Aparecida Tenório Pereira	Ailson Pereira da Silva	1991-11-01	Buíque/PE	casado	09437744467	\N	Ensino Médio Completo	8796694013	yara13tenorinho@gmail.com	56520000	Loteamento Brasília	Centro	Buíque	104	Dom-Dom	PE	24hx120h	Yara Tenório Pereira Avelino 	COREN	0006926	16340012036	7681883 SDS PE	0125	00098	bloco_cirurgico	\N	SES	081052170809	PE	PE	060	\N	Rua Dois
213	216905/03	medico	Clínico Geral	14182	PE	quinta	ativo	2011-03-22	Ângela Maria Siqueira Barbosa	Carlos Alberto Barbosa	1977-06-17	Pedra/PE	casado	02380159475	205014	Superior	8197023900	carlosabfit@globo.com	55012670	Rua Deolino Tavares	Mauricio Nassau	Caruaru	356	Quinta-Feira	PE	24x144	Carlos Alberto Barbosa Filho	CRM	95871	\N	4.776.283	0141	00045	plantonista	\N	SES	497085908/76	PE	PE	071	\N	\N
30	216905/02	medico	Clínico Geral	14182	PE	terca	ativo	2005-06-05	Ângela Maria Siqueira Barbosa	Carlos Alberto Barbosa	1977-06-17	Pedra/PE	casado	02380159475	\N	Superior	8197023900	carlosabfit@globo.com	55012670	Rua Deolino Tavares 	Mauricio Nassau	Caruaru	356	Terça-Feira	PE	24x144	Carlos Alberto Barbosa Filho	CRM	95871	\N	4776283 	0141		plantonista	\N	SES	497085908/76	PE	PE	071	\N	\N
215	3577058/01	assistente	Técnica de Enfermagem	000.690.715	PE	plantonista	ativo	2018-09-03	Maria José Bezerra	Sebastião Bezerra de Souza	1988-10-07	Arcoverde/PE	casado	07190881433	\N	Superior 	8791060526	krisfeitoza@yahoo.com.br	56515300	Rua 10 de Outubro	São Geraldo	Arcoverde	150	Domingo á domingo	PE	24x120	Cristiane Feitoza de Albuquerque	COREN	99996	14006285457	7546234 SDS PE	0147	00040	bloco_cirurgico	\N	SES	0777.406.308.76	PE	PE	057	\N	\N
217	227599/01	assistente	Técnico de Enfermagem 	1176441	PE	plantonista	licencapremio	1993-05-20	Maria de Lourdes Lopes do Nascimento 	Onofre do Nascimento	1974-02-01	Arcoverde/PE	divorciado	86812890472	\N	Ensino Médio Completo	8791274420	wiscineialopes@hotmail.com	56509635	 Rua Emiliano Lucas da Silva	São Miguel	Arcoverde	70	Dom-Dom	PE	24hx120h	Wiscinéia Lopes do Nascimento Freire	COFEN	97439	170.583.02004	4.379.302 SSP/PE	0024	00009	maternidade	\N	SES	40256880809	PE	PE	058	\N	\N
216	210113/04	analista	Enfermeira Obstétrica 	101834	PE	diarista	ativo	2007-02-13	Maria Solange Duarte Conrado	João Conrado da Silva	1972-09-26	Poção/PE	solteiro	85699691472	\N	Superior	8791738855	cristianejduarte@hotmail.com	56504150	Rua Luiza Pereira de Lira	Alto Cardeal	Arcoverde	162	Seg-Sex	PE	20H/Semana 	Cristiane Maria Duarte Silva	COREN	39979	\N	4.236.877 SDS PE	0005	00038	administrativo	\N	SES	359.505.508-25	PE	PE	113	\N	\N
36	202426/08	medico	Médica Neurologista	10.708	PE	diarista	ativo	2009-11-30	Maria Liceracy Cavalcanti Brito	Luiz Cavalcanti Brito	1968-04-26	Recife/PE	casado	69248184472	\N	Superior	8799500444	cygcbrito@gmail.com		Chácara Girassol 	São Miguel	Arcoverde	00650	Seg-Sex	PE	20H/Semana 	Cybele Gomes Cavalcanti Brito	CRM	6648	1.137.596.7131	3.054.775 SSP/PE 	0153		administrativo	\N	SES	14093706/92	PE		002	Número falso da carteira de trabalho	\N
37	3565190/01	analista	Farmacêutico 	04366	PE	diarista	ativo	2018-08-28	Maria Galindo Soares 	Paulo Antônio Soares Sampaio	1983-09-07	Arcoverde/PE	solteiro	05197571497	\N	Superior	8799144657	daniel_farm_hand@yahoo.com.br	56505070	Rua José Estrela de Souza	Centro	Arcoverde	197	Seg-Sex	PE	30H/semana	Daniel Handerson Galindo Soares	CRF	74771	14405139195	6477263	0048	00040	same	\N	SES	062523220884	PE	PE	057	\N	\N
31	209822/01	assistente	Auxiliar de Enfermagem 	23043	PE	plantonista	ativo	2006-04-08	Marcia de Lourdes do Nascimento	Onofre do Nascimento	1982-07-17	Pedra/PE	solteiro	03841056458	\N	2 grau completo 	87991227187	chi_lopes@hotmail.com	56509807	Rua Edilberto de Araújo M.	Sucupira	Arcoverde		Domingo á domingo 24x120	PE	24x120	Chirlene Lopes do Nascimento	COREN	63.013	1901958374	6249404	0009		maternidade	\N	SES	574013708/33	PE	PE	058	\N	\N
33	210484/02	assistente	Auxiliar de Enfermagem 	18951	PE	plantonista	ativo	2005-07-19	Areiula Lira dos Santos	José Barbosa dos Santos	1969-07-13	Custódia/PE	casado	73136816404	\N	2 grau completo 	87988057949	claudiolira2011@hotmail.com	56640000	Rua Francisco Rodrigues R.	Rodoviária	Arcoverde	32	Domingo á domingo 24x120	PE	24x120	Claudomiro Lira dos Santos	COREN	75898	123.437.7454-687	 8869848	0001	00029	clinica_cirurgica	\N	SES	331244008/09	PE	PE	065	\N	\N
39	207187/02	medico	Neonatologista	15375	PE	diarista	ativo	2010-01-22	Maria Valdete de Sã Nunes Rocha	Sebastião de Oliveira Rocha Filho	1981-01-23	Salgueiro/PE	casado	00870019422	\N	Superior 	8791550184	danyrochagois@hotmail.com	56504140	Rua Joaquim Belarmino Duarte	Centro	Arcoverde	660	Seg-Sex	PE	20H/Semana 	Danyella Nunes Rocha Gois	CRM	56.594	\N	5.510.126 	0082	00085	maternidade	\N	SES	551362308/84	PE	PE	075	\N	\N
40	3561992/01	assistente	Tec. Enfermagem 	930.585	PE	plantonista	ativo	2017-04-30	Elbani Cabral dos S. Macedo	José Gilson Herculano de Macedo	1987-09-15	Sertânia/PE	casado	07398440405	\N	2 grau completo 	87991589198	diogocabral@gmail.com	56600000	Rua Coronel Francisco Gomes 	Centro	Sertânia	65	Domingo á domingo	PE	24x120	Diogo Cabral de Macedo	COREN	4037	20407834510	7129963 SDS PE	2	0098	clinica_cirurgica	\N	SES	075138630884	PE	PE	62	\N	\N
41	227174/02	assistente	Tec. Enfermagem 	316323	PE	plantonista	ativo	2005-11-03	Maria José Teixeira de Lima	Antônio Bezerra de Lima	1979-02-15	Tuparetama/PE	solteiro	02839552442	\N	2 grau completo 	8796694362	div_lima@hotmail.com	56503320	Rua Josino Severo de Araújo 	São Cristovão	Arcoverde	344	Domingo á domingo	PE	24x120	Divone Maria de Lima	COREN	29644	128.5924045-6	5611129	0114	00040	uti	\N	SES	5245133008-09	PE	PE	057	\N	\N
34	3577058/02	assistente	Técnica de Enfermagem	000.690.715	PE	plantonista	ativo	2022-07-07	Maria José Feitosa Bezerra	Sebastião Bezerra de Souza	1988-10-07	Arcoverde/PE	casado	07190881433	\N	Superior	8791060526	krisfeitoza@yahoo.com.br		Rua 10 de Outubro	São Geraldo	Arcoverde	150	Domingo á domingo	PE	24x120	Cristiane Feitoza de Albuquerque	COREN	99996	14006285457	7546234 SDS PE	0147	00040	bloco_cirurgico	\N	SES	0777.406.308.76	PE	PE	057	\N	\N
204	3600327/01	assistente	Tec. Enfermagem 	000.759.944	PE	plantonista	ativo	2018-09-01	Inácia Marcos da Silva	José de Lima Gonçalves	1982-10-11	Pesqueira/PE	casado	05026694462	\N	2 grau completo 	87991219223	vivianemarcos@hotmail.com	56500000	Rua Candido Alves Leite	Carlos Rios	Arcoverde		Domingo á domingo	PE	24x120	Viviane Marcos Gonçalves	COREN	7248440	16616708056	6531507	0124	0050	maternidade	\N	SES	0625223160833	PE	PE	057	\N	\N
44	235869/01	assistente	Tec. Enfermagem 	316550	PE	plantonista	ativo	2005-04-04	Acilda de Oliveira Galvão	Eurico Cintra Galvão	1968-09-10	Pesqueira/PE	solteiro	69289646420	\N	2 grau completo 	87991193771	edilayne_g@hotmail.com	55200000	Rua Fernandes Vieira	Centenario	Pesqueira	311	Domingo á domingo	PE	24x120	Edilene de Oliveira Galvão	COREN	79357	12532585732	3.684.028	0123	00020	uti	\N	SES	322.98580879	PE	PE	055	\N	\N
58	3993612/01	assistente	Tec. Enfermagem 	000.877.560	PE	plantonista	ativo	2020-04-08	Maria Luciana Bezerra	Ivaldo José Bezerra	1993-12-23	Arcoverde/PE	solteiro	09571053473	\N	2 grau completo 	8799378985	emylly_lu@hotmail.com	56582085	Rua Irineu Carvalho Veras	Centro	Ibimirim	280	Domingo á domingo	PE	24x120	Emylly Luanne Bezerra	COREN	91331	1905866465-4	8.564.421	0023	00116	clinica_cirurgica	\N	SES	082591610817	PE	PE	128	\N	\N
59	1429051/03	assistente	Tec. Enfermagem 	685.412	PE	plantonista	ativo	2018-09-03	Nadir Barbosa de Araújo	Luiz Pereira de Araújo	1982-03-06	Inajá/PE	casado	03906104451	708540	2 grau completo 	8799961474	eniokcrol1@hotmail.com	5656000	Rua Juvenal Gomes de Araújo	Centro	Inajá	358	Domingo á domingo	PE	24x120	Enio Luiz Barbosa de Araújo	COREN	07387	1.901.970.939-1	None	0112	00052	clinica_cirurgica	\N	SES	054872550833	PE	PE	063	\N	\N
61	1342215/01	assistente	Auxiliar de Enfermagem 	\N	\N	diarista	ativo	1993-05-21	Maria Alves Fagundes	Paulo Alves da Cruz	1967-04-29	Ibimirim/PE	casado	53958586449	\N	Superior 	8788049745	esmeralda_fagundes@hotmail.com	56509180	Avenida Agnelo Arruda Lacerda	São Miguel	Arcoverde	237	Seg-Sex	PE	30H/semana	Esmeralda Alves Fagundes Vieira	\N	48613	\N	3.244.795	88		administrativo	\N	SES	018631190833	PE	PE	57	\N	\N
62	3555119/01	assistente	Tec. Enfermagem 	001.016.511	PE	plantonista	ativo	2018-09-05	Maria Solange Bezerra Pereira	Ulisses Pereira do Nascimento	1977-06-14	Arcoverde/PE	casado	94681643491	\N	2 grau completo 	87996404314	queziasamu@gmail.com	56505030	Rua Joaquim de Brito Cavalcante	Centro	Arcoverde	20	Domingo á domingo	AL	24x120	Evânia Quézia Bezerra Pereira de Oliveira	COREN	15226	12636028015	3001247-3	0196	0040	maternidade	\N	SES	049433530892	PE	PE	002	\N	\N
65	209860/02	assistente	Tec. Enfermagem 	195379	PE	plantonista	ativo	2005-10-10	Maria José da Silva	Manoel Pedro da Silva	1970-03-16	Caruaru/PE	divorciado	84353880420	\N	2 grau completo 	8791963881	fabiana1603@hotmail.com	56505130	Rua David Liberalino de Souza	Centro	Arcoverde	169	Domingo á domingo	PE	24x120	Fabiana Maria da Silva	COREN	105.730	\N	4038092	0038	00009	clinica_cirurgica	\N	SES	35564400876	PE	PE	057	\N	\N
63	203856/01	analista	Psicólogo	12.052	PE	plantonista	ativo	2006-07-20	Maria de Fátima Tenório Eloi	José Eloi Filho	1978-12-01	Arcoverde/PE	casado	03207476465	\N	Superior 	87998260002	tenoriofabian@hotmail.com		Rua Avelino Cursino	Centro	Tupanatinga	08	Domingo á domingo	PE	2 de 12H	Fabian Eloi Tenório	CFP	35584	\N	5430963	0120		ambulatorio	38561234	None	525181808/33	PE	PE	060	\N	\N
67	3980812/01	assistente	Tec. Enfermagem 	316.617	PE	plantonista	ativo	2020-03-30	None	\N	1977-04-26	Sertânia/PE	divorciado	99335786420	\N	2 grau completo 	8791166059	brittoferdinanda@gmail.com	56505000	Avenida Dom Pedro II	Centro	Arcoverde	474	Domingo á domingo	PE	24x120	Ferdinanda Xavier de Brito	COREN	06.511	1604055506901	4.994.692	0080	00040	maternidade	\N	SES	047013330884	PE	PE	057	\N	\N
68	3583104/01	assistente	Tec. Enfermagem 	338326	PE	plantonista	ativo	2017-04-30	Maria José Martins	Edeildo José Alcântara	1979-02-25	Pesqueira/PE	casado	03482020400	\N	2 grau completo 	8788587773	nanda20120@live.com	56503350	Rua Cristóvão Colombo	São Cristóvão	Arcoverde	650	Domingo á domingo	PE	24x120	Fernanda Martins Alcântara	COREN	27908	20656541223	6042128 SDS/PE	0027	00040	clinica_cirurgica	\N	SES	052474420892	PE	PE	057	\N	\N
69	201240/01	medico	Clínico Geral	17253	PE	diarista	ativo	2009-11-28	Maria do Perpetuo Socorro de B. Andrade	Fernando Flávio Vieira Andrade	1983-06-15	Arcoverde/PE	casado	04897015405	\N	Superior 	8791225293	faiorodaneto@gmail.com	56506400	Avenida Zeferino Galvão	Centro	Arcoverde	540	Seg-Sex	PE	20H/Semana 	Flávio de Oliveira Andrade Neto	CRM	13129	\N	6.041.505 SDS/PE	0032	0098	evolucionista	\N	SES	069.530.830.868	PE	PE	057	\N	\N
47	4010400/01	medico	Neurologista	023617	PE	sexta	ativo	2022-03-22	Virginia Cavalcanti Cordeiro	Sergio Antônio Cordeiro	1988-06-03	Arcoverde/PE	divorciado	06013399409	\N	Superior 	83996066275	eduardofranklin7@gmail.com	56509120	Rua Francisco de Albuquerque Jé	São Miguel	Arcoverde		Sexta-Feira	PE	24x144	Eduardo Franklin Cavalcanti Cordeiro	CRM	0870863	201.989.21270	6865074	62	0050	plantonista	\N	SES	076057090876	PE	PB	57	\N	\N
45	3564142/01	assistente	Técnica de Enfermagem	377.260	PE	plantonista	ativo	2017-05-06	Severina Gomes Oliveira	Albertino Oliveira	1972-02-02	Arcoverde/PE	casado	85563340406	\N	2 grau completo 	87991490384	edimagomesoliveira@live.com		Sítio Peri Peri	Zonal Rural	Arcoverde	1111	Domingo á domingo	PE	24x120	Edilma Gomes Oliveira	COREN	09505	1258302445-2	4.411.283	0077	00040	bloco_cirurgico	\N	SES	04072644084	PE	PE	057	\N	\N
48	205695/04	medico	Traumato Ortopedista	11960	PE	diarista	ativo	2005-08-01	Aracele Wanderley Arcoverde	Eduardo Arcoverde	1974-11-21	Arcoverde	casado	81169094449	\N	Superior 	8799018486	eduardo.arcoverde74@hotmail.com	56506900	Rua Leonardo José Guimarães 	São Miguel	Arcoverde	198	Seg-Sex	PE	20H/Semana 	Eduardo Henrique Wanderley Arcoverde	CRM	11960	165.159.413-3	3815445 SSP/PE	0057		evolucionista	\N	SES	4701290081	PE	PE	057	\N	\N
50	3581977/01	assistente	Tec. Enfermagem 	249.260	PE	segunda	ativo	2018-09-01	Margarida Menezes Leal Martins	Rosalvo Martins	1977-07-09	Floresta/PE	solteiro	02633046479	\N	2 grau completo 	87996212341	mulhersorridente35anos@hotmail.com	56400000	Rua Manoel Palmata	Centro	Floresta	15	Domingo á domingo	PE	24x120	Elaine Menezes Martins	COREN	38178	12661002075	5.373.220 SDS/PE	0009	00008	clinica_cirurgica	\N	SES	0452.0743.0876	PE	PE	072	\N	\N
51	1604066/02	analista	Enfermeira	125.852	PE	plantonista	ativo	2015-05-16	Helena Maria dos Santos Araújo	Elvenil Cavalcanti de Araújo	1979-08-04	Arcoverde/PE	casado	00825841410	\N	Superior	8798245409	elucia76@gmail.com	56500000	Rua José Fernandes Rouce 	Sucupira	Arcoverde	25	Domingo á domingo	PE	12x60	Elba Lúcia dos Santos Araújo	COREN	79109	20432249251	5.324.942 SSP/PE	0121	00040	maternidade	\N	SES	052455480833	PE	PE	057	\N	\N
53	3593576/01	analista	Farmacêutica	4429	PE	plantonista	ativo	2018-09-03	Maria José Rodrigues da Silva	Valter Alves Rodrigues	1988-01-02	Arcoverde/PE	solteiro	07401243407	\N	Superior 	81995167557	elicarodrigues7@gmail.com	56516160	Rua Luíz Bispo da Silva	Pôr do Sol	Arcoverde	201	Domingo á domingo	PE	12x60	Elica Rodrigues da Silva	CRF	5821264	13939304459	7215514	0036	0050	farmacia	\N	SES	074699380850	PE	PE	004	\N	\N
231	18280269/01	assistente	Técnico de enfermagem 	000.385.627	PE	plantonista	ativo	2025-07-27	Corina Gomes de Lima	\N	1973-12-25	Arcoverde	divorciado	86368451491	\N	Superior 	87991026222	vivianenadja@hotmail.com	56508080	Rua: Carmelita Merces de Carvalho 	Boa Esperança 	Arcoverde 	120	Domingo à Domingo	PE	24h	Viviane Gomes de Lima 	COREN	85456	\N	4477528- SSP/PE	165	00035	clinica_cirurgica	\N	Efetivo 	0435.6525.0850	PE	PE	57	\N	Casa
143	87080/01	assistente	Agente de saúde	495039	PE	plantonista	afastado	1998-07-14	Rita Armelinda dos Santos 	Osmaldo Pereira dos Santos	1966-03-15	Custódia/PE	casado	44801092420	\N	Ensino Médio Completo	87988286982	marianivanis14@gmail.com	56640000	Avenida Inocêncio Lima	Centro	Custódia	173	Dom-Dom	PE	30H/semana	Maria Nivanis dos Santos Rodrigues	COREN	34382	\N	2.975.602	0013	00009	clinica_cirurgica	\N	SES	191469408/92	PE	PE	065	\N	\N
218	201240/02	medico	Intensivista	17253	PE	plantonista	ativo	2013-07-04	Maria do Perpetuo Socorro de B. Andrade	Fernando Flávio Vieira Andrada	1983-06-15	Arcoverde/PE	casado	04897015405	\N	Superior 	8791225293	fandradaneto@gmail.com	56506400	Avenida Zeferino Galvão	Centro	Arcoverde	540	Terça-Feira	PE	24x144	Flávio de Oliveira Andrade Neto	CRM	13129	\N	6.041.505 SDS/PE	0032	0098	uti	\N	SES	069.530.830.868	PE	PE	057	\N	\N
71	3421015/01	medico	Tocoginecologista	16750	PB	quinta	ativo	2013-07-01	Bernadete Araújo Pires	Francisco Pires de Araújo	1973-10-02	Monteiro/PB	casado	76909131487	RA: 23075250757-7 16697	Pós Graduado	83999361550	fapcmo@hotmail.com	58500000	Rua Cel. Manoel Rafael	Centro	Monteiro	78	Dom-Dom	PB	24HX144H	Francisberto Araújo Pires 	CRM	65378	168.581.586.94	1.478.515 SSP/PE	0017	00015	plantonista	\N	SES	0287246712/44	PB	PB	029	\N	\N
74	227241/03	assistente	Técnica de Enfermagem	337744	PE	plantonista	ativo	2005-10-10	Maria José dos Santos 	João Melo Neto	1957-12-19	Pedra/PE	casado	25805312468	\N	Ensino Médio Completo	87991734941	melofrancisca96@gmail.com	56580000	Rua Cônego Emanoel Vasconcelos	Centro	Ibimirim	70	Dom-Dom	PE	24hx120h 	Francisca Santos de Melo Brito	COREN	None	1.700.082.201-3	1.791.661 SSP/PE	0014	None	clinica_cirurgica	\N	SES	177254508/33	PE	None	058	\N	\N
73	227186/01	assistente	Auxiliar de Enfermagem 	1775998	PE	plantonista	ativo	2005-04-01	Maria Pereira da Silva 	\N	1964-09-30	Arcoverde/PE	divorciado	47521660463	\N	Ensino Médio Completo	87991695157	francoise.pereira278@gmail.com	56505280	Rua Joaquim Franklin Cordeiro	Centro	Arcoverde	09	Dom-Dom	PE	24hx120h	Francisca Pereira da Silva Sobrinho	COREN	27939	122.123.529-31	2834578	0005	00098	clinica_cirurgica	\N	SES	174681408/09	PE	PE	057	\N	\N
75	217089/01	medico	Cirurgião Geral	15285	PE	sexta	ativo	2011-02-04	Maria Aparecida Lorena de Oliveira	Florêncio Antônio Barbosa Afonso	1980-01-22	Juazeiro/BA	solteiro	03543509438	\N	Superior 	8197464757	afonsolab@hotmail.com	50070040	Rua Joaquim Nabuco	Derby	Recife	449	Sexta-Feira	\N	24x144	Frederick Lorena Afonso Barbosa	CRM	89.885	\N	5822730 SSP/PE	\N	00038	plantonista	\N	SES	\N	PE	PE	\N	\N	\N
76	3562530/01	analista	Enfermeira	213.088	PE	plantonista	ativo	2017-12-14	Joselita Travassos Guedes 	Tacildo Guedes Pinheiro	1986-11-28	São José do Egito/PE	casado	06455550455	\N	Superior	8799092376	georgia.werlaynne@gmail.com	56516120	Rua João Pacheco Freire Filho	Pôr do Sol	Arcoverde	412	Domingo á domingo	PE	24x120	Georgia Werlaynne Travassos Guedes	COREN	91.820	16890792123	2886957	11	00101	clinica_cirurgica	\N	SES	0714.4942.0868	PE	PE	99	\N	\N
206	178217/01	assistente	Auxiliar de Enfermagem 	22155	PE	plantonista	ativo	2005-08-20	Maria de Lourdes Lopes do Nascimento	Onofre do Nascimento	1976-01-07	Arcoverde/PE	solteiro	02559720400	\N	2 grau completo 	87996411741	wilcileide_13@hotmail.com						Domingo á domingo	PE	2 de 12H	Wilcileide Lopes do Nascimento Ferreira	COREN	14295	\N	5285647 SSP/PE	45	00040	farmacia	\N	SES	040262100833		PE	57	\N	\N
80	3596265/01	assistente	Técnica de Enfermagem	953912	PE	plantonista	ativo	2018-09-02	Maria Firmino da Silva 	José Lopes da Silva	1974-03-14	Pedra/PE	casado	86369024449	\N	Superior Completo	87991419147	girlene.14@outlook.com	56503390	Rua Bianor Rodrigues de Freitas	São Cristóvão	Arcoverde	422	Dom-Dom	PE	30h/semana	Girlene Firmino da Silva	COREN	82322	19024231828	4.468.769 SSP/PE	0101	00035	maternidade	\N	SES	42169160809	PE	PE	057	\N	\N
81	3570983/01	assistente	Técnica de Enfermagem 	495036	PE	plantonista	ativo	2018-09-02	Zuleide de Souza Tavares	Edilson dos Santos Tavares	1981-02-19	Garanhuns/PE	solteiro	01013982479	\N	Superior Completo	87998001109	gisellydesouzatavares@hotmail.com	56509300	Rua Duarte Pacheco	São Miguel	Arcoverde	31	Dom-Dom	PE	30H/semana	Giselly Poliany de Souza Tavares	COREN	84388	13005601454	6.256.597 SSP/PE	0059	00044	maternidade	\N	SES	057231140817	PE	PE	057	\N	\N
82	1347039/01	assistente	Auxiliar de Enfermagem 	524.129	PE	plantonista	ativo	1993-05-21	Anália Barbosa Oliveira	Ismael Oliveira da Silva	1957-06-03	Recife/PE	solteiro	21376387468	\N	2 grau completo 	87991332380	glaucebarbosa@hotmail.com	56503550	Avenida Doutor Leonardo Arcoverde	São Cristóvão	Arcoverde	216	Domingo á domingo	PE	24x120	Glauce Barbosa de Oliveira	COREN	24062	104.932.887.13	1.530.234 SSP/PE	0047	503	bloco_cirurgico	8138218325	SES	75850508/84	PE	PE	057	e-mail falso	\N
84	3985849/01	assistente	Técnica de Enfermagem	981915	PE	plantonista	ativo	2021-12-12	Maria das Graças dos Santos Carvalho	Antônio Carvalho Gomes	1992-07-20	Arcoverde/PE	solteiro	07777225421	\N	Ensino Médio Completo	8791073361	graciellecaarvalho@gmail.com	56505270	Rua Joaquim Soares	Centro	Arcoverde	63	Dom-Dom	PE	30h/semana	Gracielle Caroline dos Santos Carvalho	COREN	93554	2046457984.2	7.917.719 SDS/PE	0149	00101	clinica_cirurgica	\N	SES	083596260876	PE	PE	057	\N	\N
79	833608/01	assistente	Agente Administrativo	\N	\N	plantonista	ativo	1985-07-12	Marluce Souza Cavalcante	João Andrade Cavalcanti	1964-07-27	Pedra/PE	casado	47065702472	\N	2 grau completo 	8796336199	gilzaceleste2017@gmail.com	5650648	Avenida José Magalhães de França	Centro	Arcoverde	402	Domingo á domingo	PE	12x60	Gilza Celeste Souza Cavalcanti Guedes	\N	46610	1800727476-1	2589676	0025	00009	recepcao	\N	SES	180924508-41	PE	PE	057	\N	\N
85	226881/02	analista	Enfermeira	266105	PE	plantonista	ativo	1984-09-17	Ivanilda Sampaio Dias Gallindo 	Gerivaldo Miranda Gallindo	1984-09-17	Arcoverde/PE	divorciado	05763110498	\N	Superior Completo	87999279191	GYSELE@GMAIL.COM	56509300	Rua Duarte Pacheco	São Miguel	Arcoverde	35	Dom-Dom	PE	30H/semana	Gyselle Dias Gallindo do Nascimento	COREN	79017	133.86179.451	6771072 SDS/PE	0108	00040	clinica_cirurgica	\N	SES	062523100841	PE	PE	068	\N	\N
1	3590364/01	assistente	Técnica de Enfermagem	115669	PE	plantonista	ativo	2000-01-01	Luci Maria S. Alves 	Cicero A. dos Santos	1979-10-25	Pedra/PE	casado	03419581408	\N	2 grau completo 	8791668120	adelmasantanaa@hotmail.com	56640000	Rua Francisco Marcelino Macambira	José Campelo Salviano 	Pedra	48	Domingo á domingo 24x120	PE	30H/semana	Adelma Santana Alves	COREN	36692	21000328750	6041763	0026	00040	clinica_cirurgica	\N	SES	516499408/25	PE	PE	058	\N	\N
4	814602/03	medico	Médico Tocoginecologista	7819	PE	diarista	ativo	1993-05-25	Terezinha Valgueiro Barros 	Bianor Alves de Barros	1958-09-29	Floresta/PE	casado	16609794472	431459	Superior 	8799883479	adilsonvalgueiro@yahoo.com	56516000	Rua Amaro de Albuquerque Padilha 	Por do Sol	Arcoverde	426	Seg-Sex	PE	30H/semana	Adilson Valgueiro de Carvalho Barros 	CRM	28803	18007265673	1328875	0057		evolucionista	\N	SES	176146202/05	PE		057	\N	\N
5	210186/02	assistente	Auxiliar de Enfermagem 	281471	PE	plantonista	ativo	2005-04-02	Zilma de Freitas Ferreira	Manoel Ferreira de Souza	1969-10-28	Arcoverde/PE	casado	62875450468	\N	2 grau completo 	87998263463	aldairdefreitasaraujo@gmail.com	56515320	Rua Félix Amaro	São Geraldo 	Arcoverde	245	Domingo á domingo 24x120	PE	30H/semana	Aldair de Freitas Araujo	COREN	57348	123.434.818-6	3.904.023 SSP/PE	0002	00009	maternidade	\N	SES	036750308/17	PE	PE	057	\N	\N
119	90235/01	analista	Enfermeira	053934	PE	plantonista	licencapremio	1998-04-28	Maria Mosarina Rodrigues Brasileiro	Aurelio Alves Brasileiro	1962-07-02	Palmeiras dos Índios/PE	divorciado	33246157472	\N	Superior Completo	87999517069	masamosarelle11@gmail.com	57600280	Rua Leopoldo Duarte	Centro	Palmeira dos Índios	207	Dom-Dom	PE	24hx120h	Mara Mosarelle Rodrigues Brasileiro	COREN	023950	\N	788472 SSP/PB	0086	00015	clinica_cirurgica	\N	SES	047264010825	AL	AL	143	Faltando PASEP!	\N
16	3587738/01	assistente	Técnica de Enfermagem	337641	PE	plantonista	ativo	2018-09-17	Maria José M. Silva	José André da Silva	1976-06-10	Sertania/PE	solteiro	02301748413	\N	2 grau completo 	87991015226	patyandrea2018@hotmail.com	56600000	Rua 13 de Maio	Centro	Sertânia 	126	Domingo á domingo 24x120	PE	30H/semana	Andrea Patricia da Silva	COREN	17518	\N	5268471 SSP	0062	00040	clinica_cirurgica	\N	SES	43221720868	PE	PE	062	\N	\N
89	3564894/01	assistente	Técnico de Enfermagem 	387157	PE	plantonista	ativo	2017-04-30	Márcia da Silva Santos	Edvan da Silva	1986-01-22	Arcoverde/PE	solteiro	05885846499	RA: 115020	Superior Completo	8799315185	None@gmail.com	56512010	Avenida José de Oliveira Calado	São Cristóvão	Arcoverde	1352	Dom-Dom	PE	24hx120h	Itamar Santos da Silva 	COREN	71.007	\N	7.214.256 SDS/PE	0044	00040	clinica_cirurgica	\N	SES	062519780868	PE	PE	057	Faltando: email atualizado, PASEP	\N
221	3564894/02	assistente	Técnico de Enfermagem 	387157	PE	plantonista	ativo	2020-04-04	Márcia da Silva Santos	Edvan da Silva	1986-01-22	Arcoverde/PE	solteiro	05885846499	RA: 115020	Superior Completo	8799315185	None@gmail.com	56512010	Avenida José de Oliveira Calado	São Cristóvão	Arcoverde	1352	Dom-Dom	PE	24hx120h	Itamar Santos da Silva 	COREN	71.007	\N	7.214.256 SDS/PE	0044	00040	clinica_cirurgica	\N	SES	062519780868	PE	PE	057	\N	\N
91	3459438/01	assistente	Técnica de Laboratório	0498	PE	plantonista	ativo	2022-05-13	Quitéria Lira da Silva	\N	1964-03-14	Sertânia/PE	solteiro	14359531850	\N	Ensino Médio Completo	87999961067	ivetebialira@gmail.com	56600000	Rua 13 de Maio	Centro	Sertânia	62	Dom-Dom	PE	24hx120h	Ivete Lira Feitosa 	CRF-PE TEC.	88087	123.92394.50.6	3.525.589 SSP/PE	0017	00009	farmacia	\N	SES	184878703/41	PE	PE	062	\N	\N
93	197844/03	medico	Tocoginecologista	14752	PE	diarista	ativo	2005-06-01	Anna Cecilia Muller Corrêa	Wilson Corrêa	1963-01-10	Ribeirão Preto/SP	casado	04050471850	RA: 051022077740	Pós Graduado	8792434039	jaelmuller@hotmail.com	56505390	Rua Doutor Mário Melo	Centro	Arcoverde	225	Seg-Sex	None	20H/semana	Jael Muller Corrêa	CRM	None	121.267872.83	15.466.6063 SSP/SP	None	None	evolucionista	\N	SES	\N	PE	None	None	\N	\N
222	226868/02	assistente	Técnica de Enfermagem	626355	PE	plantonista	ativo	2005-12-10	Maria Helena de Andrade 	Gercino Fernandes de Andrade	1984-02-13	Arcoverde/PE	solteiro	04488704441	\N	Ensino Médio Completo	8796169253	jackeline.alicia2017@gmail.com	56503410	Rua Gonçalves Maia	São Cristóvão	Arcoverde	197	Dom-Dom	PE	24hx120h	Jackeline Fernandes de Andrade 	COREN TÉC.	92.001	190.26007.75.1	658.683.9 SDS/PE	0074	00040	bloco_cirurgico	\N	SES	062522910641	PE	PE	057	\N	\N
92	226868/01	assistente	Técnica de Enfermagem	626355	PE	plantonista	ativo	2017-05-01	Maria Helena de Andrade 	Gercino Fernandes de Andrade	1984-02-13	Arcoverde/PE	solteiro	04488704441	\N	Ensino Médio Completo	8796169253	jackeline.alicia2017@gmail.com	56503410	Rua Gonçalves Maia	São Cristóvão	Arcoverde	197	Dom-Dom	PE	24hx120h	Jackeline Fernandes de Andrade 	COREN TÉC.	92.001	190.26007.75.1	658.683.9 SDS/PE	0074	00040	bloco_cirurgico	\N	SES	062522910641	PE	PE	057	\N	\N
223	197844/05	medico	Tocoginecologista	14752	PE	quarta	ativo	2010-11-19	Anna Cecilia Muller Corrêa	Wilson Corrêa	1963-01-10	Ribeirão Preto/SP	casado	04050471850	RA: 051022077740	Pós Graduado	8792434039	jaelmuller@hotmail.com	56505390	Rua Doutor Mário Melo	Centro	Arcoverde	225	Dom-Dom	No	124hx144h	Jael Muller Corrêa	CRM	None	121.267872.83	15.466.6063 SSP/SP	None	None	plantonista	\N	SES	\N	PE	No	None	\N	\N
95	3993531/01	assistente	Técnica de Enfermagem	949.485	PE	plantonista	ativo	2020-05-21	Júlia Mendes Paz	Moisés Elias Fernandes	1992-01-04	Arcoverde/PE	divorciado	10369371437	\N	Ensino Médio Completo	87988789934	jaquelinepaz04@gmail.com	56505140	Rua Francisco Antônio Moreno	Centro	Arcoverde	135	Dom-Dom	PE	24hx120h	Jaqueline Itamara Paz Fernandes	COREN	20.856	167.535.0416.9	8.361.622 SDS/PE	0008	0098	maternidade	\N	SES	081275030609	PE	PE	057	\N	\N
97	3566617/01	assistente	Técnica de Enfermagem	139.4011	PE	plantonista	ativo	2020-02-25	Maria Edlene Almeida 	José Everaldo dos Santos	1991-05-31	Recife/PE	solteiro	08965231442	\N	Ensino Médio Completo	87999000992	jessicacarolsantos@outlook.com	56502320	Rua Santa Marta	Santos Dumont	Arcoverde	194	Domingo á domingo	PE	24hx120h	Jéssica Caroline de Almeida Santos	COREN	46301	162.239.646.85	8.245.446 SDS/PE	0074	00097	clinica_cirurgica	\N	SES	079917220841	PE	PE	057	\N	\N
98	3280535/02	analista	Enfermeira Sanitarista	254863	PE	diarista	ativo	2020-07-21	Maria Bernadete Alves da Silva 	Genesis Vicente da Silva	1985-04-01	Arcoverde/PE	casado	05769071460	\N	Pós Graduado	8799930640	jhanybete@hotmail.com	56500000	Rua Joaquim Franklin Cordeiro	São Geraldo 	Arcoverde	16	Seg-Sex	PE	20H/semana	Jhanybete Alves da Silva	COREN	48192	190.227.485.52	665.463.0	0009	00040	epidemiologia	\N	CTD	062521100817	PE	PE	065	\N	\N
96	3585433/01	assistente	Técnica de Enfermagem	751.456	PE	plantonista	ativo	2018-09-02	Lindinalva Maria Modesto de Brito	José de Aquino de Brito	1974-03-07	São Paulo/SP	solteiro	74681460478	\N	Ensino Médio Completo	8396857668	jeanemodestodebrito@yahoo.com.br	56512045	Rua Quatro de Julho	São Cristóvão	Arcoverde	51	Dom-Dom	PB	24hx120h	Jeane Modesto de Brito	COREN	SSP/PE	746.814.604-78	416.1558	0199	89985	clinica_cirurgica	\N	SES	044996740884	PE	00	029	\N	\N
107	210836/02	analista	Enfermeira Sanitarista	62272	PE	plantonista	ativo	2005-04-09	Maria José Marinho da Silva 	Arlindo Marinho da Silva	1971-11-22	Recife/PE	solteiro	82486921400	\N	Superior Completo	8799192666	judicleiam@gmail.com	56503250	Avenida José Bonifácio	São Cristóvão	Arcoverde	634	Dom-Dom	PE	24hx120h 	Judicléia Marinho da Silva 	COREN	62272	125.08879.187	4.228.449 SDS/PE	005	00004	uti	\N	SES	371.462.008/68	PE	PE	0023	\N	Apt 107
101	3590992/01	assistente	Tec. Enfermagem 	418.338	PE	plantonista	ativo	2018-09-04	Ana Galdino Gonzaga	João Laurentino Gonzaga	1973-06-02	Arcoverde/PE	casado	94566127400	\N	Superior	87991154319	jorgegaldino100@hotmail.com	55280000	Rua Francisco Macelino Macambira	José Campelo	Pedra	48	Domingo á domingo	PE	24x120	Jorge Galdino Gonzaga	COREN	86.541	1.902.331.323-5	4498952 SSP/PE	0011	00035	clinica_cirurgica	\N	None	398756406/41	PE	PE	058	\N	\N
88	86750/01	assistente	Auxiliar de Enfermagem 	\N	\N	plantonista	ativo	1998-04-13	Inacia Francisca de Araújo	Bemjamin Tavares Costa	1958-02-10	Buíque/PE	divorciado	15282279487	\N	Ensino Médio Completo	8791206628	irleidet02@gmail.com	56508195	Rua Costa Rica	Boa Esperança	Arcoverde	629	Dom-Dom	PE	2 plantões x 12h	Irleide Tavares de Araújo	\N	06176	\N	1.590.798 SSP/PE	0054	513	farmacia	\N	SES	176665008/09	PE	PE	057	FALTA COREN	\N
105	86773/01	assistente	Agente de Saúde 	560104	PE	diarista	ativo	1998-07-13	Maria Francisca da Costa	Felix Marinho Espindola	1964-11-07	Arcoverde/PE	solteiro	59939168420	\N	1 Grau	8791492017	Josefadacostaespindolazefinha@gmail.com	56512120	Rua Pedro Albuquerque Pedrosa	Tamboril	Arcoverde	40	Domingo á domingo	PE	24x120	Josefa da Costa Espíndola	COREN	25623	\N	2780614	None		maternidade	\N	SES	176069908133	PE	PE	057	\N	\N
17	209846/01	assistente	Auxiliar de Enfermagem 	378.396	PE	plantonista	ativo	2005-04-01		Agenor bezerra da silva	1970-10-13	Recife/PE	casado	85718335700	\N	2 grau completo 	8791615803	tenoriodea@hotmail.com	55200000	Rua Santa Madalena 	Prado 	Pesqueira	13	Domingo á domingo 24x120	PE	30H/semana	Andrea Tenório Leite de Melo	COREN	6644	1706.044.124-5	4063621 SSP/PE	0154		uti	\N	SES	38396140892	PE		055	Número fake da carteira de trabalho	\N
181	1304640/01	assistente	Datilógrafa 	\N	\N	plantonista	ativo	1990-11-15	Regina Maria de Oliveira 	Luiz Felix de Oliveira	1969-07-30	Pedra/PE	casado	65859669453	\N	Superior Completo	87999307383	selma.m.oliveira.cadete@gmail.com	56509520	Rua Maria do Carmo Bezerra da Silva	São Miguel	Arcoverde		Dom-Dom	PE	2 plantões x12h	Selma Maria de Oliveira Cadete	\N	88593	123.89824.17	3.565.172 SSP/PE	0058	00009	recepcao	\N	SES	3487.1770.825	PE	PE	057	\N	\N
102	214155/01	medico	Clínico Geral	18276	AL	plantonista	ativo	2010-04-03	Maria Zeni Alves de Siqueira Farias	José de Oliveira Farias	1980-04-25	São José do Egito/PE	casado	00937699462	\N	Superior	8799210766	igorfarias@gmail.com						Domingo á domingo	PE	2 de 12H	José Igor de Siqueira Farias	CRM		\N	2.454.303	0113		plantonista	\N	SES	503148508/84			068	\N	\N
109	210137/01	assistente	Auxiliar de Enfermagem 	458696	PE	plantonista	ativo	2005-11-03	Ilva Dantas de Oliveira Cavalcanti	Francisco Cavalcanti Rosa	1978-03-03	Arcoverde/PE	casado	01871689465	\N	Ensino Médio Completo	87991349010	katiusciacavalcanti@hotmail.com	56505310	Rua dos Mascates	Centro	Arcoverde	74	Dom-Dom	PE	24hx120h	Katiuscia Dantas Cavalcanti	COREN TÉC.	07077	13035628458	499.667.0 SSP/PE	0012	00040	clinica_cirurgica	\N	SES	4525444808/68	PE	PE	057	\N	\N
224	210137/04	assistente	Técnica de Enfermagem	458696	PE	plantonista	ativo	2018-09-01	Ilva Dantas de Oliveira Cavalcanti	Francisco Cavalcanti Rosa	1978-03-03	Arcoverde/PE	casado	01871689465	\N	Ensino Médio Completo	87991349010	katiusciacavalcanti@hotmail.com	56505310	Rua dos Mascates	Centro	Arcoverde	74	Dom-Dom	PE	24hx120h	Katiuscia Dantas Cavalcanti	COREN TÉC.	07077	13035628458	499.667.0 SSP/PE	0012	00040	maternidade	\N	SES	4525444808/68	PE	PE	057	\N	\N
111	3599515/01	assistente	Técnica de Enfermagem	593.190	PE	plantonista	ativo	2017-04-30	Maria dos Santos Lira 	Agamenon Lopes de Lira	1983-01-23	Venturosa/PE	solteiro	01141890488	\N	Ensino Médio Completo	87991134821	laudilina.lira@outlook.com	56516060	Rua Primeiro de Fevereiro	Pôr do Sol	Arcoverde	30	Dom-Dom	PE	24hx120h 	Laudilina Aparecida dos Santos 	COREN TÉC.	53.104	133.75494.45-8	652.279.5 SDS/PE	0110	00040	bloco_cirurgico	\N	SES	060599990850	PE	PE	0057	\N	\N
103	1342894/01	assistente	Auxiliar de Enfermagem 	223256	PE	plantonista	ativo	1993-05-19	Gilda Maria Souza da Silva	Carlos Bezerra da Silva	1966-09-01	Arcoverde/PE	casado	56187076400	\N	2 grau completo 	8791611781	jcsousas@hotmail.com						Domingo á domingo	PE	24x120	José Carlos Souza da Silva	COREN	65339	122.910.980-14	3312205	0061	00009	bloco_cirurgico	\N	SES	176268808/92		PE	057	\N	\N
112	206687/01	analista	Enfermeira	142.564	PE	plantonista	ativo	2006-10-23	Sandra Maria Martins Torres Pinheiro	Luiz Pinheiro Filho	1982-06-11	Sertânia/PE	casado	03922412424	\N	Superior Completo	87999283466	lisandrakaroll@hotmail.com	56600000	Rua Amaro Lafayette	Centro	Sertânia	203	Dom-Dom	None	24hx120h 	Lisandra Karoll Torres Pinheiro	COREN	None	\N	5.791.088 	None	None	clinica_cirurgica	\N	SES	\N	PE	None	None	Faltando CTPS, PASEP, Titulo	\N
114	1815458/02	analista	Fisioterapeuta	106323-F	PE	plantonista	ativo	2017-06-04	Joana Dalva Batista de Freitas 	Narciso Bezerra de Freitas	1983-06-10	Alcobaca/BA	casado	05126832476	\N	Superior Completo	87999914897	lorenafrts83@gmail.com	56509570	Rua Manoel Coelho Pereira	São Miguel	Arcoverde	140	Dom-Dom	PE	24hx120h 	Lorena de Freitas Charamba	CREFITTO	22275	20306156576	6.330.095 SSP/PE	0058	00074	uti	\N	SES	063623900809	PE	PE	057	\N	\N
115	240865/01	analista	Enfermeira Obstétrica 	118.356	PE	plantonista	ativo	2005-10-13	Maria Verônica Padilha Feitosa 	Júlio Cezar Pacheco Feitosa	1978-06-30	Arcoverde/PE	casado	00912854456	\N	Pós Graduado	87999972005	None@gmail.com	56509390	Rua Severino Andrade de Oliveira	São Miguel	Arcoverde	162	Dom-Dom	PE	24hx120h 	Lorena Padilha Pacheco Feitosa Freire 	COREN	None	19009847139	5.422.539 SSP/PE	0083	None	maternidade	\N	SES	494347308/09	PE	None	057	EMAIL, CTPS, E TITULO	\N
150	101567/01	assistente	Auxiliar de Enfermagem 	89355-TEC	PE	diarista	ativo	1998-04-24	Ivonete Pereira Monteiro 	Romualdo Alves Monteiro	1975-09-16	Juazeiro/BA	casado	01890306401	\N	Superior Completo	8799306588	same_adm@hrrbc.org.br	56506100	Rua Padre Roma 	São Geraldo 	Arcoverde	12	Segunda - Sexta	PE	30H/semana	Marilia Renata Pereira Monteiro Galindo	COREN	15236	\N	1.472.135 SSP/AL	089	00040	same	\N	SES	470.145.208/09	PE	PE	057	\N	\N
116	3575721/01	assistente	Tec. Enfermagem 	753804-15	PE	plantonista	ativo	2018-09-01	Juraci M. de Souza Martins	José Ildo Martins da Silva	1993-03-19	Garulhos/PE	casado	10336786433	\N	2 grau completo 	8398778042	luana_190393@hotmail.com	58500000	Rua José Batinga de Freitas	Centro	Monteiro	353	Domingo á domingo	PB	24x120	Luana Martins de Souza	COREN	1746595	20039691440	3703403 	0029	0040	clinica_cirurgica	\N	SES	042470921279	PB	PB	0043	\N	\N
118	210459/01	assistente	Auxiliar de Enfermagem 	499.694	PE	plantonista	ativo	2005-12-07	Josefa Correia dos Santos 	Acácio Correia dos Santos	1959-07-19	Pesqueira/PE	casado	18786162420	\N	Ensino Médio Completo	87991261044	l_uza_ira@hotmail.com	55200000			Pesqueira	None	Dom-Dom	PE	24hx120h 	Luzanira Correia dos Santos 	COREN AUX.	225775	10813430477	194.230.0 SSP/PE	0101	00558	clinica_cirurgica	\N	SES	170264508/84	PE	PE	0055	\N	\N
220	87911/02	medico	Ultrassonografista	10602	PE	diarista	ativo	1998-05-22	Alayde Gomes Padilha 	Gildo Nery Padilha	1965-10-26	Arcoverde/PE	casado	49566490453	\N	Superior 	8788088702	gildonery@uol.com.br	56506590	Praça da Bandeira	Centro	Arcoverde	63	Seg-Sex	PE	20H/Semana 	Gildo Nery Padilha Filho	CRM	43874	1705875922-5	2677607	0035	00022	evolucionista	\N	SES	175511908/68	PE	PE	057	\N	\N
120	1281879/01	assistente	Atendente de Enfermagem	254325	PE	plantonista	ativo	1990-05-25	Maria Madalena de Lira	Lázaro André de Lira	1964-12-05	Arcoverde	solteiro	47065168468	\N	3 Grau incompleto	8791290819	marcialiraarcoverde@hotmail.com	56504005	Rua João Martins dos Santos	Cardeal	Arcoverde		Domingo á domingo	PE	24x120	Márcia Maria de Lira	COREN	25208	1703131581-4	2.945.436	0024	00009	maternidade	\N	SES	17521940876	PE	PE	057	\N	\N
122	226870/01	assistente	Técnico de Enfermagem 	7575	PE	plantonista	ativo	2005-04-03	Altina da Silva Pereira Ramos	Genesio Ramos da Silva	1978-01-08	Buíque/PE	casado	02073254489	CDI - 814044	Ensino Médio Completo	87999059010	marcosbuique@hotmail.com	56512010	Avenida José de Oliveira Calado	São Cristóvão	Arcoverde	15045	Dom-Dom	PE	24h x 120h	Marcos Pereira Ramos 	COREN TÉC.	13000	126.96045.45-5	522.304.2 SSP/PE	0109	00040	clinica_cirurgica	\N	SES	472121308/68	PE	PE	060	\N	\N
214	18151612/01	medico	Clínico Geral	33012	PE	quarta	inativo	2024-05-29	Maria Aparecida de Moraes Farias 	Mario Henrique de Farias Filho	1983-12-07	Arcoverde/PE	casado	05151725459	21.111.206850-0	Pós Graduado	8791678007	marcusmoraesfarias@gmail.com	56509730	Rua Juraci Bezerra dos Anjos	Boa Esperança	Arcoverde	13B	Dom-Dom	PE	24HX144H	Marcus Vinicius de Moraes Farias	CRM	0069052	12585078215	6417079/SDS-PE	0121	00040	plantonista	\N	SES	062533740888	PE	PE	057	Tornar sem efeito a Portaria SES nº 573, de 06/08/2025,referente a autorização de cessão no âmbito do SUS, com ônus para o órgão de origem, do servidor da SES/PE Marcus Vinícius de Moraes Farias, Médico/Clínico Geral, NumFunc nº 18151612/01, ao Hospital Regional Ruy de Barros Correia - OSS, conforme processo SEI nº 2300000749.000261/2024-30.\r\nINATIVO A PARTIR DE DOE: 15/08/2025	Casa
149	3599558/01	analista	Enfermeira	000.355.553	PE	plantonista	ativo	2018-03-15	Maria de Fátima Alves dos Santos Pereira	Severino Paulo dos Santos Pereira	1988-07-22	None	solteiro	08148454442	\N	Superior 	8195214423	marilia.alvess@upe.br	50710140	Rua José de Holanda	Torre	Recife	None	Domingo á domingo	PE	24x120	Marília Alves dos Santos Pereira	COREN	23413	21040233068	7.313.407	0296	00106	clinica_cirurgica	\N	SES	072308690892	PE	PE	007	\N	\N
104	227162/01	assistente	Técnico de Enfermagem 	5675	PE	plantonista	ativo	2005-04-04	Maria do Socorro Bezerra da Silva 	Arlindo Bezerra da Silva	1978-07-29	Arcoverde/PE	casado	02871678448	\N	Ensino Médio Completo	8791326856	j_lucas98@hotmail.com	56512010	Rua Padre Anchieta	São Cristóvão	Arcoverde	692	Dom-Dom	PE	24h x 120h	José Lucas Bezerra da Silva 	COREN TÉC.	None	1.900.154.080.2	549.731.7 SDS/PE	0114	None	clinica_cirurgica	\N	SES	524786908/68	PE	PE	057	Falta CTPS.	\N
151	1344986/03	assistente	Técnica de Enfermagem	1329.965	PE	plantonista	ativo	2018-09-06	Maria José Cordeiro da Silva	Expedito Batista da Silva	1963-12-15	Custódia/PE	solteiro	47062754404	\N	Ensino Médio Completo	87991875085	mara.catiara@hotmail.com	56503650	Rua Benedito Freitas 	São Cristóvão	Arcoverde	100	Dom-Dom	PE	24hx120h 	Marinalva Batista Pereira Dias	COREN TÉC.	0014215	170.583.021.01	303.782.8 SDS/PE	0027	00009	bloco_cirurgico	\N	SES	0175.3043.0817	PE	PE	057	\N	\N
152	1344986/01	assistente	Auxiliar de Enfermagem 	1329.965	PE	plantonista	inativo	1993-03-01	Maria José Cordeiro da Silva	Expedito Batista da Silva	1963-12-15	Custódia/PE	solteiro	47062754424	\N	None	87991875085	mara.catiara@hotmail.com	56503650	Rua Sebastião de Freitas Lima	São Cristóvão	Arcoverde	100	Dom-Dom	PE	None	Marinalva Batista Pereira Dias	COREN TÉC.	0014215	170.583.021.01	303.782.8 SDS/PE	0027	00009	bloco_cirurgico	\N	None	0175.3043.0817	PE	PE	057	Aposentada pela FUNAPE, através da portaria nº3437  DOE: 01/07/2025.	\N
154	90521/01	analista	Enfermeira	051.690	PE	plantonista	ativo	1998-04-15	Auta Rodrigues Figueiredo 	Joaquim Alves Figueiredo	1966-11-14	Ouricuri/PE	divorciado	47721367468	\N	Superior Completo	87999926711	maura_figueiredob@yahoo.com.br	56640000	Rua Doutor Manoel Bandeira		Custódia	318	Dom-Dom	PE	24hx120h	Mauricélia Rodrigues Figueiredo Barboza 	COREN	20570	\N	2.048.838 SDS/PE	0069	00036	clinica_cirurgica	\N	SES	022.1885.0833	PE	PE	065	Falta o PASEP;	\N
156	87121/01	assistente	Auxiliar de Enfermagem 	418070	PE	plantonista	ativo	1998-04-16	Terezinha Cordeiro de Almeida 	Josué Rodrigues de Almeida	1967-07-02	Custódia/PE	viuvo	59960930491	\N	Ensino Médio Completo	8796320224	merciacrsitiene@gmail.com	56640000	Rua 11 de Setembro	Centro	Custódia	166	Dom-Dom	PE	24hx120h	Mércia Cristiene Rodrigues de Almeida 	COREN TÉC.	57779	1.706.652.128.3	377.785 SSP/PE	0023	00045	uti	\N	SES	191.7982.08.09	PE	PE	065	\N	\N
157	3571335/01	analista	Enfermeira Uteísta	115203	PE	plantonista	ativo	2018-09-06	Leila Maria Oliveira dos Reis 	Wilson dos Reis	1978-05-11	Rio de Janeiro/RJ	casado	02536699447	\N	Pós Graduado	87999965060	michellenabuco@hotmail.com	56504045	Rua João de Melo Cavalcante	Cardeal	Arcoverde	550	Dom-Dom	PE	24hx120h	Michelle Nabuco dos Reis 	COREN	13795	132.01731.45.4	5.116.074	0060	0040	uti	\N	SES	473955908/17	PE	PE	067	\N	\N
159	3994619/01	assistente	Técnica de Enfermagem	432.439	PE	plantonista	ativo	2020-04-08	Marli da Silva Queiroz	Cicero Cassimiro de Queiroz	1983-06-25	Arcoverde/PE	casado	01071523473	\N	Ensino Médio Completo	87999018475	mpalvesqueiroz@gmail.com	56513110	Alameda Dois	Tamboril	Arcoverde	02	Dom-Dom	PE	24hx120h	Mônica Patrícia da Silva Alves Queiroz	COREN TÉC.	49441	190.391.309.84	6.459.314 SDS/PE	0035	00040	clinica_cirurgica	\N	SES	0591.7150.0825	PE	PE	057	\N	Casa 43
123	188831/01	assistente	Técnica de Enfermagem	324.388	PE	plantonista	ativo	2006-10-19	Maria de Lourdes Rodrigues dos Santos 	Sebastião Crispim dos Santos	1972-04-06	Pesqueira/PE	casado	86355880453	\N	Ensino Médio Completo	87991114805	aparecidarodrigues06@hotmail.com	55200000	Travessa Claudia José Gerônimo		Pesqueira	1007	Dom-Dom	PE	24hx120h	Maria Aparecida Rodrigues dos Santos Tenório	COREN TÉC.	85103	1.901.238.538.8	4.484.641 SDS/PE	0110	00035	maternidade	\N	SES	0401.5951.0850	PE	PE	055	\N	Prado
125	83498/01	assistente	Tec. Enfermagem 	147588	PE	plantonista	ativo	2002-03-02	Maria Amélia da Silva	Carlos Firmino da Silva	1966-10-29	Pesqueira/PE	viuvo	56202342404	\N	2 grau completo 	8791613348	mclaudecy@gmail.com	55200000	Rua Manoel Borba 	Prado	Pesqueira	391	Domingo á domingo	PE	24x120	Maria Claudecy da Silva	COREN	63195	\N	36.15265	0101	00019	bloco_cirurgico	\N	SES	170270108/25	PE	PE	055	\N	\N
127	1340808/01	assistente	Auxiliar de Enfermagem 	1694058	PE	plantonista	ativo	1993-05-19	Tereza Alves da Silva	Heleno Pedro da Silva	1967-07-26	Arcoverde/PE	casado	59955449420	\N	2 grau incompleto	8781234796	maria6707alves@gmail.com	56509350	Rua Manoel Apolônio	São Miguel	Arcoverde	401	Domingo á domingo	PE	24x120	Maria das Graças Alves da Silva	COREN	99.055	170.518.996-17	3.073.332	0063	00009	bloco_cirurgico	\N	SES	176340208/41	PE	PE	057	\N	\N
134	3577090/01	assistente	Técnica de Enfermagem	249.459	PE	plantonista	ativo	2018-09-02	Izaura Pires Leite	Gumercindo Bezerra Leite	1961-04-14	Arcoverde/PE	casado	26938154449	\N	Ensino Médio Completo	8791429978	mariaelianepires01@gmail.com	56506590	Rua Félix Paiva	São Cristóvão	Arcoverde	20	Dom-Dom	PE	24hx120h	Maria Eliane Pires de Góis 	COREN TÉC.	76068	105.457.6175.4	2.083.771 SDS/PE	0075	642	maternidade	\N	SES	0176.7323.0825	PE	PE	057	Apt 107	\N
225	211117/02	assistente	Auxiliar de Enfermagem 	423.343	PE	plantonista	ativo	2005-10-10	Angelita Alves dos Santos	José Pedro da Silva	1960-08-30	Arcoverde/PE	solteiro	77502361472	\N	2 grau completo 	8791486635	md701745@gmail.com	56506510	Rua José Lins de Siqueira Brito	Centro	Arcoverde	84	Domingo á domingo	PE	24x120	Maria de Fátima Santos da Silva	COREN	82663	\N	4272976	0103	00009	bloco_cirurgico	\N	SES	174834208-50	PE	PE	057	\N	\N
129	211117/01	assistente	Auxiliar de Enfermagem 	214183	PE	plantonista	ativo	1993-05-19	Angelita Alves dos Santos	José Pedro da Silva	1960-08-30	Arcoverde/PE	solteiro	77502361472	\N	2 grau completo 	8791486635	md701745@gmail.com	56506510	Rua R	Cohab I	Arcoverde	84	Domingo á domingo	PE	24x120	Maria de Fátima Santos da Silva	COREN	82663	\N	4272976	0103	00009	bloco_cirurgico	\N	SES	174834208-50	PE	PE	057	\N	\N
136	211105/01	assistente	Técnica de Enfermagem	7112-TEC	PE	plantonista	ativo	2005-10-10	Maria Severiana Pereira	Adalberto Batista Pereira	1968-12-25	Paulo Afonso/BA	divorciado	70926620444	\N	Ensino Médio Completo	87991772146	nan_ax@hotmail.com	55200000	Rua São Vicente de Paula	Prado 	Pesqueira	37	Dom-Dom	PE	24hx120h	Maria Eunice Batista Pereira	COREN TÉC.	37553	\N	7.805.186 sds/pe	0098	00024	maternidade	\N	SES	034.253.560.841	PE	BA	055	Falta PASEP;	\N
131	210460/03	assistente	Tec. Enfermagem 	8133	PE	plantonista	afastado	2005-04-05	Anunciada Ferreira de Andrade	Luiz Gonzaga de Andrade	1967-04-19	Arcoverde/PE	casado	73428388453	\N	Superior 	87991229377		56512225	Rua Armando Pacheco de Albuquerque	São Cristóvão	Arcoverde	24	Domingo á domingo	PE	24x120	Maria do Carmo Ferreira de Andrade	COREN	50100	\N	3.414.425 SSP/PE	0037	0009	clinica_cirurgica	\N	SES	0175568208/17	PE	PE	057	Aguardando Aposentadoria por invalidez (laudo nº 128325	\N
126	204241/01	assistente	Auxiliar de Enfermagem 	493487	PE	plantonista	ativo	2007-01-04	Inez dos Santos Lima	Cícero Pedro de Lira	1973-02-10	Alagoinha/PE	casado	76720799487	\N	2 grau completo 	8792012337	Cecalira5758@gmail.com	55730000	Rua José Medeiros	Centro	Alagoinha	151	Domingo á domingo	PE	12x60	Maria da Conceição de Lira	COREN	88636	\N	4994020	153	00009	ccih	\N	SES	38400660892	PE	PE	055	\N	\N
132	210472/02	assistente	Tec. Enfermagem 	001.205.074	PE	plantonista	ativo	2017-04-05	Severina Gomes Avelino de Andrade	José Elói de Andrade	1968-04-06	Pesqueira/PE	casado	59930896449	\N	2 grau completo 	8791730033	ms9478132@gmail.com	56509825	Rua Sargento Anízio Lopes de Andrade	Sucupira	Arcoverde	05	Domingo á domingo	PE	24x120	Maria do Socorro Avelino Lima	COREN	7247558	124.53577.85-0	3.253.763	138	0050	clinica_cirurgica	\N	SES	017567710884	PE	PE	057	\N	\N
133	210472/01	assistente	Tec. Enfermagem 	001.205.074	PE	diarista	ativo	2005-04-05	Severina Gomes Avelino de Andrade	José Elói de Andrade	1968-04-06	Pesqueira/PE	casado	59930896449	\N	2 grau completo 	8791730033	ms9478132@gmail.com	56509825	Rua Sargento Anízio Lopes de Andrade	Sucupira	Arcoverde	05	Domingo á domingo	PE	24x120	Maria do Socorro Avelino Lima	COREN	61663	124.53577.85-0	3.253.763	138	00009	clinica_ortopedica	\N	SES	017567710884	PE	PE	057	\N	\N
226	86803/01	assistente	Agente de Saúde 	\N	\N	plantonista	ativo	1998-04-06	Maria do Carmo V. S. Lima 	Alvino Santos Lima	1957-05-15	Água Branca/AL	casado	16283201415	\N	2 grau completo 	8796137205	corropaiva@hotmail.com	56503150	Rua Joaquim Nabuco	São Cristóvão	Arcoverde	584	Domingo á domingo	AL	12x60	Maria do Socorro Paiva Lima	\N	034337	\N	310.809	\N	552	recepcao	\N	SES	\N	PE		\N	\N	\N
137	209834/03	assistente	Auxiliar de Enfermagem 	16676	PE	plantonista	ativo	2005-04-04	Maria Lúcia Sales	Joaquim Correia Sales	1965-04-28	Recife/PE	casado	41846834449	\N	2 grau completo 	87999642595	goretesales@hotmail.com	56509490	Rua Edílio Simões da Rocha	São Miguel	Arcoverde		Domingo á domingo	PE	24x120	Maria Gorete Sales Viana	COREN	35.093	1.705830328-0	3.254.988 SDS/PE	0064		uti	\N	SES	328027908/09	PE		057	\N	\N
139	3579344/01	assistente	Tec. Enfermagem 	001.132.202	PE	plantonista	ativo	2016-07-02	Severina Ramos da Silva	Luiz Pedro da Silva	1979-04-13	Pedra/PE	casado	04451105463	\N	2 grau completo 	87991522205	isabellel02@hotmail.com	55280000	Rua Cap. Antônio Japiassu 		Pedra	129	Domingo á domingo	PE	24x120	Maria Isabel Ramos da Silva	COREN	53148	1.903.699896-7	5881717	0051	00040	bloco_cirurgico	\N	SES	053469590833	PE	PE	0058	\N	\N
162	3574156/01	assistente	Tec. Enfermagem 	897248	PE	plantonista	ativo	2018-09-03	Geny de Holanda Lopes	Ednaldo Lopes Paulino	1989-12-18	Arcoverde/PE	casado	08328690403	\N	2 grau completo 	8791599422		55270000	Sítio Boqueirão 	Zonal Rural	Venturosa		Domingo á domingo	PE	24x120	Nayane Lopes Cavalcanti	COREN	95838	20204019766	8062784	0017	00040	clinica_cirurgica	\N	SES	082627430868	PE	PE	120	\N	\N
140	226856/01	assistente	Auxiliar de Enfermagem 	001.851.150	PE	plantonista	ativo	2005-10-10	Iraildes Leonida de Oliveira 	Ermano de Oliveira Leite	1974-05-15	Pedra/PE	casado	94346569404	\N	2 grau completo 	8792078397		56507390	Rua Juraci Bezerra dos Anjos	Boa Esperança	Arcoverde	None	Domingo á domingo	PE	24x120	Maria José de Oliveira Neris	COREN	18.468	125.97385.45-2	4.761.020	22	00040	clinica_cirurgica	\N	SES	040255800884	PE	PE	58	\N	\N
142	211154/01	assistente	Tec. Enfermagem 	8226	PE	terca	ativo	2005-11-11	Cícera Ferreira de Vasconcelos 	Enoque Durual de vasconcelos	1956-08-16	Pesqueira/PE	solteiro	19163738449	\N	2 grau completo 	87991267549		55200000	Rua Vegário Espindola	São Sebastião	Pesqueira	26	Domingo á domingo	PE	24x120	Maria Jucineide de Vasconcelos	COREN		10816682744	1.505.167	169		maternidade	\N	SES	004776370825	PE		55	\N	\N
144	227198/01	assistente	Tec. Enfermagem 	494.748	PE	plantonista	ativo	2005-10-10	Maria José Galindo Marinho	Raimundo Marinho de Espindola	1972-03-19	Arcoverde/PE	casado	81166001415	\N	Superior 	8791173355	resinhogalindo@gmail.com	56509300	Rua Duarte Pacheco	São Miguel	Arcoverde	122	Domingo á domingo	PE	24x120	Maria Risoneide Galindo Marinho Lira	COREN		1.901.985.028-0	4.286.660 SSP/PE	0030		maternidade	\N	SES	355692908/84	PE		057	\N	\N
145	1292102/01	assistente	Auxiliar de Serviços Gerais	\N	\N	diarista	ativo	1990-05-25	Maria do Socorro Silva Santos	Antônio Felix dos Santos	1967-01-27	Buíque/PE	solteiro	52767949449	\N	2 grau completo 	87991451758	silvasantosmariarozenilda@gmail.com	56512300	Rua Valdemar Rodrigues Queiroz	São Cristóvão	Arcoverde	79	Seg-Sex	PE	30H/semana	Maria Rozenilda da Silva Santos	\N	48280	170.482.125.33	3.486.999	0076	00009	farmacia	\N	SES	176765608/84	PE	PE	057	\N	\N
147	1479350/02	assistente	Tec. Enfermagem 	538.311	PE	plantonista	ativo	2018-09-06	Rosinete Cordeiro Torres Maciel	Geraldo Majela C. Maciel	1986-04-30	Pesqueira/PE	casado	06503862482	\N	2 grau completo 	87999456292	symonemarciel@hotmail.com	55200000	Rua Cleto Campelo 	Baixa Grande 	Pesqueira	267	Domingo á domingo	PE	24x120	Maria Simone Torres Maciel de Santana	COREN	35327	19033251860	7.346.660	0126	00077	bloco_cirurgico	\N	SES	071681380884	PE	PE	055	\N	\N
148	87108/01	assistente	Agente de Saúde 	266975	PE	plantonista	ativo	1998-05-26	Ancelina Leite dos Santos	José Didier Alves dos Santos	1970-10-15	Pesqueira/PE	casado	70931518415	\N	2 grau completo 	8791760887		55200000	Praça Comendador 	Centro	Pesqueira	173	Domingo á domingo	PE	24x120	Maria Valeria Alves dos Santos	COREN	55505	1902132750-6	3820103 PSSP/PE	0108	00038	clinica_cirurgica	\N	SES	383958908/4	PE	PE	055	\N	\N
227	228233/02	assistente	Tec. Enfermagem 	1.242.575	PE	plantonista	ativo	2018-10-11	José Severino Gomes 	Josefa Beserra da Silva Gomes	1972-09-10	Buíque/PE	casado	84357304415	\N	2 grau completo 	8788779552	nadiege_maria@hotmail.com	56520000	Rua Aurora Laert Cavalcanti	Centro	Buíque	16	Domingo á domingo	CE	24x120	Nadiege Maria Beserra Gomes	COREN	99.816	1.901.174.731-6	4451139	0046	00009	clinica_cirurgica	\N	SES	5432916077-9	PE	PE	102	\N	\N
160	228233/01	assistente	Auxiliar de Enfermagem 	22089	PE	plantonista	ativo	2005-04-03	José Severino Gomes 	Josefa Beserra da Silva Gomes	1972-09-10	Buíque/PE	casado	84357304415	\N	2 grau completo 	8788779552	nadiege_maria@hotmail.com	56520000	Rua Aurora Laert Cavalcanti	Centro	Buíque	16	Domingo á domingo	CE	24x120	Nadiege Maria Beserra Gomes	COREN		1.901.174.731-6	4451139	0046		clinica_cirurgica	\N	SES	5432916077-9	PE		102	\N	\N
164	3345874/03	assistente	Tec. Enfermagem 	267938	PE	plantonista	ativo	2017-04-29	Maria Divoné de Carvalho Policarpo	Níceas Bento Policarpo	1976-10-27	Pedra/PE	solteiro	02972001435	\N	2 grau completo 	8799265931	neidijanecarvalho@hotmail.com	56512100	Rua Magalhães Porto	São Cristóvão	Arcoverde	39	Domingo á domingo	PE	24x120	Neidijane Carvalho Policarpo	COREN	29.333	\N	5798962 SSP/PE	0094	0098	clinica_cirurgica	\N	SES	051272880817	PE	PE	060	\N	\N
228	3345874/02	assistente	Tec. Enfermagem 	267938	PE	plantonista	ativo	2007-05-31	Maria Divoné Carvalho Policarpo	Níceas Bento Policarpo	1976-10-27	Pedra/PE	casado	02972001435	\N	2 grau completo 	8799265931	neidijanecarvalho@hotmail.com	56512100	Rua Magalhães Porto	São Cristóvão	Arcoverde	39	Domingo á domingo	PE	24x120	Neidijane Carvalho Policarpo	COREN	29333	1.901.013.277-6	5798962 SSP/PE	0094	0098	clinica_cirurgica	\N	SES	051272880817	PE	PE	060	\N	\N
171	3574725/01	analista	Fisioterapeuta	58657-F	PE	plantonista	ativo	2018-12-02	Maria Leuda da Silva Xavier	Valdi Francisco Xavier	1978-06-15	Garanhuns/PE	solteiro	02895879486	\N	Superior Completo	87999686088	resx@bol.com.br	56516175	Rua Nigéria	Pôr do Sol	Arcoverde	345	Dom-Dom	PE	24hx120h 	Renata Maria da Silva Xavier	CREFITO	1755	133.12939.45.2	5.313.404 SDS/PE	0062	00044	uti	\N	SES	053033470876	PE	PE	057	\N	Apt 302
169	3588432/01	assistente	Tec. Enfermagem 	824735	PE	plantonista	ativo	2018-09-03	Ana Claúdia de Almeida Santos	\N	1985-04-01	Recife/PE	casado	05409065492	\N	2 grau completo 	87991142963	carolina.renata55@yahoo.com	56503058	Avenida Santa Catarina	São Cristóvão	Arcoverde	430	Domingo á domingo	PE	24x120	Renata Carolina de Almeida Santos	COREN	036771	166387708-38	6771712 SDS/PE	0168	000084	clinica_cirurgica	\N	SES	075351690825	PE	PE	057	\N	\N
170	3588297/01	assistente	Técnica de Enfermagem	916.849	PE	plantonista	ativo	2017-04-29	Maria das Dores Holanda de Almeida	Ronaldo Leite de Almeida	1985-08-22	Sertânia/PE	casado	06025824401	\N	Ensino Médio Completo	87991558650	renatadeborah2011@hotmail.com	56600000	Rua João Mateus 	Centro	Sertânia	13	Dom-Dom	PE	24hx120h	Renata Debora Holanda de Almeida 	COREN TÉC.	33660	\N	730.859.3 SDS/PE	0024	00027	clinica_cirurgica	\N	SES	0629.5066.0850	PE	PB	062	Falta o PASEP e email.	\N
173	3560953/01	analista	Enfermeira	282.745	PE	plantonista	ativo	2019-01-05	Maria Nazilda Torres de Castro	Gercino Bezerra de Castro	1981-06-30	Arcoverde/PE	casado	03974479490	\N	Superior Completo	87996058770	renattatorrescastro@hotmail.com	56520000	Rua Cicero Tenório Barros	Centro	Buíque	116	Dom-Dom	PE	24hx120h 	Renatta Fernanda Torres de Castro 	COREN	34483	\N	5.908.910 SSP/PE	0022	00078	bloco_cirurgico	\N	SES	0524.9890.0850	PE	PE	060	Fatla o PASEP	\N
174	177948/01	assistente	Tec. de Imobilização	0194	PE	diarista	ativo	2006-08-02	Marlene B. Souza Teles	Jonas Teles Rocha	1966-10-02	Recife	casado	55044514420	\N	2 grau completo 	8791486574		56480000	Rua Verônica da Conceição	Centro	Tacaratu	220	Domingo á domingo	PE	24x120	Rinaldo Teles Rocha	CR. Ortopedia	33776	1.241.231.459-6	3.418.285	0016		imobilizacao	\N	SES	17533330833	PE	PE	089	\N	\N
176	3583619/01	assistente	Tec. Enfermagem 	1036651	PE	plantonista	ativo	2018-09-05	Quinor Bezerra da Silva	Paulo Sérgio da Silva	1987-12-03	Ibimirim/PE	solteiro	08615142467	\N	2 grau completo 	87988160067	rosana123bezerra@gmail.com	56580000	Rua Santa Isabel	Centro	Ibimirim	381	Domingo á domingo	PE	24x120	Rosana Bezerra da Silva	COREN	95017	190341931171	7.934.045	0042	00040	maternidade	\N	SES	077417010817	PE	PE	128	\N	\N
178	1347730/01	assistente	Auxiliar de Enfermagem 	248.429	PE	plantonista	ativo	1993-12-30	Maria Elizabeth Siqueira	João Gomes da Silva	1970-03-30	Buíque/PE	solteiro	76677940497	\N	Ensino Médio Completo	8796148139	jtxavier3192@hotmail.com	56520000	Rua Airton Senna da Silva 		Buíque	468	Dom-Dom	PE	24hx120h	Rosivalda Gomes de Siqueira 	COREN AUX.	79468	124.043.311.93	3.867.764	0091	00009	clinica_cirurgica	\N	SES	3609.5130.833	PE	PE	060	\N	Centro
180	227861/01	analista	Enfermeira	114.354	PE	plantonista	ativo	2005-10-11	Nazaré Alves da Silva 	Severino Nunes da Silva	1977-05-18	Paranaguá/PR	solteiro	99333210482	\N	Superior Completo	87999213299	sanderli_silva@gmail.com	55280000	Rua João de Melo Cavalcante 	Centro	Pedra	68	Dom-Dom	PE	SES	Sanderli Alves da Silva	COREN	None	\N	4.965.596 SSP/PR	0013	None	uti	\N	24hx120h	3623.8460.892	PE	None	057	Falta PASEP e CTPS.	\N
179	3596281/01	assistente	Tec. Enfermagem 	1020.269	PE	plantonista	ativo	2018-09-03	Ana Maria dos Santos Arcoverde	Marcos Antônio da Silva	1993-05-16	Buíque/PE	solteiro	09325074419	\N	2 grau completo 	87996265398	rosyvania_santos@hotmail.com		Simacambira 	Rural	Guamumbi	4800	Domingo á domingo	PE	24x120	Rosivania dos Santos Arcoverde	COREN	20596	\N	9.174.386	0153	0098	clinica_cirurgica	\N	SES	085001250825		PE	060	\N	\N
184	227556/02	assistente	Técnica de Enfermagem	556.963	PE	plantonista	ativo	2018-09-04	Maria das Dores Torres de Oliveira 	José Inácio de Oliveira Irmão	1968-02-09	Arcoverde/PE	casado	65580648472	\N	Ensino Médio Completo	87991058739	sileide_torres@hotmail.com	56515360	Rua Américo Pacheco	São Geraldo	Arcoverde	125	Dom-Dom	PE	24hx120h	Sileide Torres de Oliveira 	COREN TÉC.	13769	1.703.462.7799	2.840.946 SSP/PE	0009	00040	clinica_cirurgica	\N	SES	0348.7116.0809	PE	PE	057	\N	\N
229	189800/02	medico	Cirurgião	15060	PE	segunda	ativo	2009-11-29	Maria do Socorro Gois Cavalcanti	João Dino Cavalcanti	1979-07-16	Arcoverde/PE	solteiro	02714750486	\N	Superior	8799220052	sharllesgois@hotmail.com	56504130	Rua Joaquim Bezerra	Cardeal	Arcoverde	274	Seg-Sex	PE	20 Horas 	Sharlles Gois Cavalcanti	CRM		19019820411	4477490	028		evolucionista	\N	SES	525403208/41	PE		57	\N	\N
188	1346334/03	assistente	Técnica de Enfermagem	324.903	PE	plantonista	ativo	2018-09-02	Marlene Barbosa de Souza Teles	Jonas Teles Rocha	1968-07-20	Arcoverde/PE	casado	62878042468	\N	Ensino Médio Completo	87991042704	susanateles2010@gmail.com	56512530	Rua Cinco	São Cristóvão	Arcoverde	98	Dom-Dom	PE	24hx120h 	Susana Teles Rocha 	COREN TÉC.	74596 	123.93840.801	3.751.923 SDS/PE	0009	00009	bloco_cirurgico	\N	SES	0175.3585.0892	PE	PE	057	\N	\N
189	3591085/01	assistente	Técnica de Enfermagem	\N	\N	plantonista	afastado	2018-09-04	Maria de Carmo Bezerra Souza 	Erasmo Luiz de Souza	1973-04-22	Serra Talhada/PE	solteiro	01968182497	\N	Ensino Médio Completo	87981437429	tamaracarla1864@gmail.com	56930000	Rua João Olindo de Lima 	Centro	Calumbi	12	Dom-Dom	None	24hx120h	Tamara Carla Bezerra Souza	\N	6805303	124.937.684.01	4.558.285 SSP/PE	None	0050	clinica_cirurgica	\N	SES	\N	PE	PE	None	Faltando Titulo do eleitor e COREN;	\N
230	227885/02	assistente	Auxiliar de Enfermagem 	190068	PE	diarista	ativo	1990-05-25	Maria Luiza Alves de Lima	José de Oliveira Lima	1958-02-18	Belo Jardim/PE	casado	47361530400	\N	2 grau completo 	8799547897				São Cristovão	Arcoverde	09	Seg-Sex	PE	30H/semana	Sônia Maria de Lima Silva	COREN		\N	1.389.135	0020		administrativo	\N	SES	175109008-25	PE		057	\N	\N
185	227885/01	assistente	Auxiliar de Enfermagem 	190068	PE	diarista	ativo	1990-05-25	Maria Luiza Alves de Lima	José de Oliveira Lima	1958-02-18	Belo Jardim/PE	casado	47361530400	\N	2 grau completo 	8799547897			Rua Rodrigues de Carvalho	São Cristovão	Arcoverde	09	Seg-Sex	PE	30H/semana	Sônia Maria de Lima Silva	COREN		\N	1.389.135	0020		administrativo	\N	None	175109008-25	PE		057	\N	\N
190	211130/01	assistente	Auxiliar de Enfermagem 	1.836.434	PE	plantonista	ativo	2005-10-31	Maria José Alves da Silva	\N	1971-02-24	Pesqueira/PE	solteiro	74194887468	\N	Ensino Médio Completo	87991209607	tarcianaalves123jesus@gmail.com	55200000	Rua Barão do Rio Branco	Pitanga	Pesqueira	467	Dom-Dom	PE	24hx120h	Tarciana Lúcia Alves da Silva 	COREN TÉC.	50719	1253.253.920.2	4.114.997	0147	00025	clinica_cirurgica	\N	SES	383937808-68	PE	PE	055	\N	\N
191	6784399/01	assistente	Técnica de Enfermagem	432.423	PE	plantonista	ativo	2018-09-05	Carlinda Clementina de Moura	Nerino Antonio de Morais	1983-02-15	Sertânia/PE	solteiro	98351311472	\N	Ensino Médio Completo	87981357921	tamorais83@gmail.com	56512010	Rua B	Boa Vista	Arcoverde	369	Dom-Dom	PE	24hx120h	Tarciana Morais de Moura 	COREN TÉC.	45064	168.1589.6550	6.076.450 SDS/PE	0090	00072	maternidade	\N	SES	62949060833	PE	PE	062	\N	Cohab I
193	3569551/01	assistente	Técnica de Enfermagem	613.799	PE	plantonista	ativo	2018-09-03	Maria da Conceição Avelino	Antonio Rodrigues de Souza	1976-04-22	Areia Branca/RN	solteiro	00909039437	\N	Ensino Médio Completo	87996463171	telmakristina@hotmail.com	56519040	Rua Joel de Holanda Cavalcante	Boa Vista	Arcoverde	407	Dom-Dom	PE	24hx120h	Telma Cristina de Souza	COREN TÉC.	99377	1.668.8313.11-2	5.202.768 SSP/PE	0061	0061	clinica_cirurgica	\N	SES	0494.3894.0884	PE	PE	057	\N	\N
161	3586120/01	assistente	Técnica de Enfermagem	540.802	PE	plantonista	ativo	2017-04-30	Izaura Maria de Menezes Barbosa	José Vaçonil Barbosa	1987-03-14	Arcoverde/PE	casado	05869001447	\N	2 grau completo 	87991540947		56503132	Rua Benedito de Freitas	São Cristóvão	Arcoverde	300	Domingo á domingo	SP	24x120	Nathalia Roberta de Menezes Barbosa Serafim	COREN	72.074	20198917.06-0	6.860.134	0118	00040	maternidade	\N	SES	071587510884	PE	PE	057	\N	\N
194	223697/01	assistente	Técnica de Enfermagem	7153	PE	plantonista	ativo	2005-10-18	Nailma Cavalcanti Lima 	Silvio Feitosa Lima	1985-01-21	Pedra/PE	solteiro	06104815413	\N	Ensino Médio Completo	87999888409	thallytamayara@hotmail.com	56505330	Rua Padre Roma	Centro	Arcoverde	180	Dom-Dom	PE	24hx120h	Thalita Mayara Cavalcanti Lima	COREN TÉC.		\N	6.403.111 SSP/PE	0088	None	uti	\N	SES	625.09020.909	PE	None	057	Falta CTPS e PASEP	\N
195	3420051/01	medico	Médica Intensivista	020602	PE	quinta	ativo	2014-09-17	Maria Teresa Tenório de Britto Paes	Eraldo Paes da Silva	1987-04-17	None	solteiro	05928405499	\N	Pós Graduado	8788110199	thatiannylarissa@hotmail.com	55200000	Rua Praça Barão de Rio Branco	Centro	Pesqueira	None	Dom-Dom	PE	24hx144h	Thatianny Larissa Tenório de Britto Paes Izidoro	CRM	None	190.3660.1110	None	0141	None	plantonista	\N	SES	0747.3259.0850	PE	None	055	\N	\N
187	3581462/01	assistente	Técnica de Enfermagem	845.239	PE	plantonista	ativo	2017-05-07	Maria do Socorro Trajano 	Ricardo Trajano da Silva	1991-04-01	Buíque/PE	solteiro	08897968406	\N	Ensino Médio Completo	87996506488	suelene_trajanos@hotmail.com	56520000	Rua Miguel Vital 	Centro	Buíque	09	Dom-Dom	PE	24hx120h	Suelene Trajano Bezerra Barbosa 	COREN TÉC.	518.696.5	165.531.5887.9	862.316.0 SDS/PE	0003	0050	bloco_cirurgico	\N	SES	079.1656.308.09	PE	PE	060	\N	\N
186	3585948/01	analista	Enfermeira Obstétrica 	344.440	PE	plantonista	ativo	2015-05-05	Iracema Pereira da Silva 	\N	1987-06-24	Arcoverde/PE	casado	07126633475	\N	Pós Graduado	8799778040	stephanniemarjorie@hotmail.com	56512010	Avenida José de Oliveira Calado	São Cristóvão	Arcoverde	803	Dom-Dom	PE	24hx120h	Stéphannie Marjorie Pereira da Silva 	COREN	99.899	190.314.794-14	7.348.257 SDS/PE	0151	00040	maternidade	\N	SES	0753.2956.0850	PE	PE	060	Falta EMAIL	\N
38	3572773/01	assistente	Técnico em Radiologia	03514	PE	plantonista	ativo	2016-09-22	Maria Euridice Siqueira da Silva	Sebastião Fernandes da Silva	1980-02-01	Arcoverde/PE	solteiro	03117730443	\N	2 grau completo 	8798104703	danielsiqueiraraiox@gmail.com	56640000	Avenida Presidente Kennedy	Centro	Custódia	1206	Domingo á domingo	PE	24x144	Daniel Siqueira da Silva	CRTR	48871	130.12110.45-2	5.827.884 SSP PE	0081	00045	raiox	\N	SES	050771810876	PE	PE	065	\N	\N
212	81910/02	medico	Medico Tocoginecologista	10556	PE	diarista	licencapremio	1998-05-26	Celina Carvalho Costa	Luiz Gonzaga da Costa Souza	1960-06-16	Tupanatinga/PE	divorciado	40861139453	220302007558	Superior Completo	87999556069	clinica.drandre@hotmail.com	56540000	Avenida 31 de Março	Centro	Tupanatinga	120	Seg-Sex	PE	20H/semana	André Francisco de Carvalho Costa	CRM	6805206	123.49134.06-910	1243	0096	0050	evolucionista	\N	SES	47264008/41	PE	PE	060	\N	Ca
\.


--
-- Data for Name: dp_ses_management_ferias; Type: TABLE DATA; Schema: public; Owner: hrrbc
--

COPY public.dp_ses_management_ferias (id, data_inicio, data_fim, status, data_solicitacao, observacoes, colaborador_id) FROM stdin;
\.


--
-- Name: auth_group_id_seq; Type: SEQUENCE SET; Schema: public; Owner: hrrbc
--

SELECT pg_catalog.setval('public.auth_group_id_seq', 1, false);


--
-- Name: auth_group_permissions_id_seq; Type: SEQUENCE SET; Schema: public; Owner: hrrbc
--

SELECT pg_catalog.setval('public.auth_group_permissions_id_seq', 1, false);


--
-- Name: auth_permission_id_seq; Type: SEQUENCE SET; Schema: public; Owner: hrrbc
--

SELECT pg_catalog.setval('public.auth_permission_id_seq', 32, true);


--
-- Name: auth_user_groups_id_seq; Type: SEQUENCE SET; Schema: public; Owner: hrrbc
--

SELECT pg_catalog.setval('public.auth_user_groups_id_seq', 1, false);


--
-- Name: auth_user_id_seq; Type: SEQUENCE SET; Schema: public; Owner: hrrbc
--

SELECT pg_catalog.setval('public.auth_user_id_seq', 5, true);


--
-- Name: auth_user_user_permissions_id_seq; Type: SEQUENCE SET; Schema: public; Owner: hrrbc
--

SELECT pg_catalog.setval('public.auth_user_user_permissions_id_seq', 1, false);


--
-- Name: django_admin_log_id_seq; Type: SEQUENCE SET; Schema: public; Owner: hrrbc
--

SELECT pg_catalog.setval('public.django_admin_log_id_seq', 11, true);


--
-- Name: django_content_type_id_seq; Type: SEQUENCE SET; Schema: public; Owner: hrrbc
--

SELECT pg_catalog.setval('public.django_content_type_id_seq', 8, true);


--
-- Name: django_migrations_id_seq; Type: SEQUENCE SET; Schema: public; Owner: hrrbc
--

SELECT pg_catalog.setval('public.django_migrations_id_seq', 34, true);


--
-- Name: dp_ses_management_colaborador_registro_seq; Type: SEQUENCE SET; Schema: public; Owner: hrrbc
--

SELECT pg_catalog.setval('public.dp_ses_management_colaborador_registro_seq', 231, true);


--
-- Name: dp_ses_management_ferias_id_seq; Type: SEQUENCE SET; Schema: public; Owner: hrrbc
--

SELECT pg_catalog.setval('public.dp_ses_management_ferias_id_seq', 2, true);


--
-- Name: auth_group auth_group_name_key; Type: CONSTRAINT; Schema: public; Owner: hrrbc
--

ALTER TABLE ONLY public.auth_group
    ADD CONSTRAINT auth_group_name_key UNIQUE (name);


--
-- Name: auth_group_permissions auth_group_permissions_group_id_permission_id_0cd325b0_uniq; Type: CONSTRAINT; Schema: public; Owner: hrrbc
--

ALTER TABLE ONLY public.auth_group_permissions
    ADD CONSTRAINT auth_group_permissions_group_id_permission_id_0cd325b0_uniq UNIQUE (group_id, permission_id);


--
-- Name: auth_group_permissions auth_group_permissions_pkey; Type: CONSTRAINT; Schema: public; Owner: hrrbc
--

ALTER TABLE ONLY public.auth_group_permissions
    ADD CONSTRAINT auth_group_permissions_pkey PRIMARY KEY (id);


--
-- Name: auth_group auth_group_pkey; Type: CONSTRAINT; Schema: public; Owner: hrrbc
--

ALTER TABLE ONLY public.auth_group
    ADD CONSTRAINT auth_group_pkey PRIMARY KEY (id);


--
-- Name: auth_permission auth_permission_content_type_id_codename_01ab375a_uniq; Type: CONSTRAINT; Schema: public; Owner: hrrbc
--

ALTER TABLE ONLY public.auth_permission
    ADD CONSTRAINT auth_permission_content_type_id_codename_01ab375a_uniq UNIQUE (content_type_id, codename);


--
-- Name: auth_permission auth_permission_pkey; Type: CONSTRAINT; Schema: public; Owner: hrrbc
--

ALTER TABLE ONLY public.auth_permission
    ADD CONSTRAINT auth_permission_pkey PRIMARY KEY (id);


--
-- Name: auth_user_groups auth_user_groups_pkey; Type: CONSTRAINT; Schema: public; Owner: hrrbc
--

ALTER TABLE ONLY public.auth_user_groups
    ADD CONSTRAINT auth_user_groups_pkey PRIMARY KEY (id);


--
-- Name: auth_user_groups auth_user_groups_user_id_group_id_94350c0c_uniq; Type: CONSTRAINT; Schema: public; Owner: hrrbc
--

ALTER TABLE ONLY public.auth_user_groups
    ADD CONSTRAINT auth_user_groups_user_id_group_id_94350c0c_uniq UNIQUE (user_id, group_id);


--
-- Name: auth_user auth_user_pkey; Type: CONSTRAINT; Schema: public; Owner: hrrbc
--

ALTER TABLE ONLY public.auth_user
    ADD CONSTRAINT auth_user_pkey PRIMARY KEY (id);


--
-- Name: auth_user_user_permissions auth_user_user_permissions_pkey; Type: CONSTRAINT; Schema: public; Owner: hrrbc
--

ALTER TABLE ONLY public.auth_user_user_permissions
    ADD CONSTRAINT auth_user_user_permissions_pkey PRIMARY KEY (id);


--
-- Name: auth_user_user_permissions auth_user_user_permissions_user_id_permission_id_14a6b632_uniq; Type: CONSTRAINT; Schema: public; Owner: hrrbc
--

ALTER TABLE ONLY public.auth_user_user_permissions
    ADD CONSTRAINT auth_user_user_permissions_user_id_permission_id_14a6b632_uniq UNIQUE (user_id, permission_id);


--
-- Name: auth_user auth_user_username_key; Type: CONSTRAINT; Schema: public; Owner: hrrbc
--

ALTER TABLE ONLY public.auth_user
    ADD CONSTRAINT auth_user_username_key UNIQUE (username);


--
-- Name: django_admin_log django_admin_log_pkey; Type: CONSTRAINT; Schema: public; Owner: hrrbc
--

ALTER TABLE ONLY public.django_admin_log
    ADD CONSTRAINT django_admin_log_pkey PRIMARY KEY (id);


--
-- Name: django_content_type django_content_type_app_label_model_76bd3d3b_uniq; Type: CONSTRAINT; Schema: public; Owner: hrrbc
--

ALTER TABLE ONLY public.django_content_type
    ADD CONSTRAINT django_content_type_app_label_model_76bd3d3b_uniq UNIQUE (app_label, model);


--
-- Name: django_content_type django_content_type_pkey; Type: CONSTRAINT; Schema: public; Owner: hrrbc
--

ALTER TABLE ONLY public.django_content_type
    ADD CONSTRAINT django_content_type_pkey PRIMARY KEY (id);


--
-- Name: django_migrations django_migrations_pkey; Type: CONSTRAINT; Schema: public; Owner: hrrbc
--

ALTER TABLE ONLY public.django_migrations
    ADD CONSTRAINT django_migrations_pkey PRIMARY KEY (id);


--
-- Name: django_session django_session_pkey; Type: CONSTRAINT; Schema: public; Owner: hrrbc
--

ALTER TABLE ONLY public.django_session
    ADD CONSTRAINT django_session_pkey PRIMARY KEY (session_key);


--
-- Name: dp_ses_management_colaborador dp_ses_management_colaborador_matricula_key; Type: CONSTRAINT; Schema: public; Owner: hrrbc
--

ALTER TABLE ONLY public.dp_ses_management_colaborador
    ADD CONSTRAINT dp_ses_management_colaborador_matricula_key UNIQUE (matricula);


--
-- Name: dp_ses_management_colaborador dp_ses_management_colaborador_registro_2d420553_pk; Type: CONSTRAINT; Schema: public; Owner: hrrbc
--

ALTER TABLE ONLY public.dp_ses_management_colaborador
    ADD CONSTRAINT dp_ses_management_colaborador_registro_2d420553_pk PRIMARY KEY (registro);


--
-- Name: dp_ses_management_ferias dp_ses_management_ferias_pkey; Type: CONSTRAINT; Schema: public; Owner: hrrbc
--

ALTER TABLE ONLY public.dp_ses_management_ferias
    ADD CONSTRAINT dp_ses_management_ferias_pkey PRIMARY KEY (id);


--
-- Name: auth_group_name_a6ea08ec_like; Type: INDEX; Schema: public; Owner: hrrbc
--

CREATE INDEX auth_group_name_a6ea08ec_like ON public.auth_group USING btree (name varchar_pattern_ops);


--
-- Name: auth_group_permissions_group_id_b120cbf9; Type: INDEX; Schema: public; Owner: hrrbc
--

CREATE INDEX auth_group_permissions_group_id_b120cbf9 ON public.auth_group_permissions USING btree (group_id);


--
-- Name: auth_group_permissions_permission_id_84c5c92e; Type: INDEX; Schema: public; Owner: hrrbc
--

CREATE INDEX auth_group_permissions_permission_id_84c5c92e ON public.auth_group_permissions USING btree (permission_id);


--
-- Name: auth_permission_content_type_id_2f476e4b; Type: INDEX; Schema: public; Owner: hrrbc
--

CREATE INDEX auth_permission_content_type_id_2f476e4b ON public.auth_permission USING btree (content_type_id);


--
-- Name: auth_user_groups_group_id_97559544; Type: INDEX; Schema: public; Owner: hrrbc
--

CREATE INDEX auth_user_groups_group_id_97559544 ON public.auth_user_groups USING btree (group_id);


--
-- Name: auth_user_groups_user_id_6a12ed8b; Type: INDEX; Schema: public; Owner: hrrbc
--

CREATE INDEX auth_user_groups_user_id_6a12ed8b ON public.auth_user_groups USING btree (user_id);


--
-- Name: auth_user_user_permissions_permission_id_1fbb5f2c; Type: INDEX; Schema: public; Owner: hrrbc
--

CREATE INDEX auth_user_user_permissions_permission_id_1fbb5f2c ON public.auth_user_user_permissions USING btree (permission_id);


--
-- Name: auth_user_user_permissions_user_id_a95ead1b; Type: INDEX; Schema: public; Owner: hrrbc
--

CREATE INDEX auth_user_user_permissions_user_id_a95ead1b ON public.auth_user_user_permissions USING btree (user_id);


--
-- Name: auth_user_username_6821ab7c_like; Type: INDEX; Schema: public; Owner: hrrbc
--

CREATE INDEX auth_user_username_6821ab7c_like ON public.auth_user USING btree (username varchar_pattern_ops);


--
-- Name: django_admin_log_content_type_id_c4bce8eb; Type: INDEX; Schema: public; Owner: hrrbc
--

CREATE INDEX django_admin_log_content_type_id_c4bce8eb ON public.django_admin_log USING btree (content_type_id);


--
-- Name: django_admin_log_user_id_c564eba6; Type: INDEX; Schema: public; Owner: hrrbc
--

CREATE INDEX django_admin_log_user_id_c564eba6 ON public.django_admin_log USING btree (user_id);


--
-- Name: django_session_expire_date_a5c62663; Type: INDEX; Schema: public; Owner: hrrbc
--

CREATE INDEX django_session_expire_date_a5c62663 ON public.django_session USING btree (expire_date);


--
-- Name: django_session_session_key_c0390e0f_like; Type: INDEX; Schema: public; Owner: hrrbc
--

CREATE INDEX django_session_session_key_c0390e0f_like ON public.django_session USING btree (session_key varchar_pattern_ops);


--
-- Name: dp_ses_management_colaborador_matricula_7c9d2356_like; Type: INDEX; Schema: public; Owner: hrrbc
--

CREATE INDEX dp_ses_management_colaborador_matricula_7c9d2356_like ON public.dp_ses_management_colaborador USING btree (matricula varchar_pattern_ops);


--
-- Name: dp_ses_management_ferias_colaborador_id_d1fe7070; Type: INDEX; Schema: public; Owner: hrrbc
--

CREATE INDEX dp_ses_management_ferias_colaborador_id_d1fe7070 ON public.dp_ses_management_ferias USING btree (colaborador_id);


--
-- Name: auth_group_permissions auth_group_permissio_permission_id_84c5c92e_fk_auth_perm; Type: FK CONSTRAINT; Schema: public; Owner: hrrbc
--

ALTER TABLE ONLY public.auth_group_permissions
    ADD CONSTRAINT auth_group_permissio_permission_id_84c5c92e_fk_auth_perm FOREIGN KEY (permission_id) REFERENCES public.auth_permission(id) DEFERRABLE INITIALLY DEFERRED;


--
-- Name: auth_group_permissions auth_group_permissions_group_id_b120cbf9_fk_auth_group_id; Type: FK CONSTRAINT; Schema: public; Owner: hrrbc
--

ALTER TABLE ONLY public.auth_group_permissions
    ADD CONSTRAINT auth_group_permissions_group_id_b120cbf9_fk_auth_group_id FOREIGN KEY (group_id) REFERENCES public.auth_group(id) DEFERRABLE INITIALLY DEFERRED;


--
-- Name: auth_permission auth_permission_content_type_id_2f476e4b_fk_django_co; Type: FK CONSTRAINT; Schema: public; Owner: hrrbc
--

ALTER TABLE ONLY public.auth_permission
    ADD CONSTRAINT auth_permission_content_type_id_2f476e4b_fk_django_co FOREIGN KEY (content_type_id) REFERENCES public.django_content_type(id) DEFERRABLE INITIALLY DEFERRED;


--
-- Name: auth_user_groups auth_user_groups_group_id_97559544_fk_auth_group_id; Type: FK CONSTRAINT; Schema: public; Owner: hrrbc
--

ALTER TABLE ONLY public.auth_user_groups
    ADD CONSTRAINT auth_user_groups_group_id_97559544_fk_auth_group_id FOREIGN KEY (group_id) REFERENCES public.auth_group(id) DEFERRABLE INITIALLY DEFERRED;


--
-- Name: auth_user_groups auth_user_groups_user_id_6a12ed8b_fk_auth_user_id; Type: FK CONSTRAINT; Schema: public; Owner: hrrbc
--

ALTER TABLE ONLY public.auth_user_groups
    ADD CONSTRAINT auth_user_groups_user_id_6a12ed8b_fk_auth_user_id FOREIGN KEY (user_id) REFERENCES public.auth_user(id) DEFERRABLE INITIALLY DEFERRED;


--
-- Name: auth_user_user_permissions auth_user_user_permi_permission_id_1fbb5f2c_fk_auth_perm; Type: FK CONSTRAINT; Schema: public; Owner: hrrbc
--

ALTER TABLE ONLY public.auth_user_user_permissions
    ADD CONSTRAINT auth_user_user_permi_permission_id_1fbb5f2c_fk_auth_perm FOREIGN KEY (permission_id) REFERENCES public.auth_permission(id) DEFERRABLE INITIALLY DEFERRED;


--
-- Name: auth_user_user_permissions auth_user_user_permissions_user_id_a95ead1b_fk_auth_user_id; Type: FK CONSTRAINT; Schema: public; Owner: hrrbc
--

ALTER TABLE ONLY public.auth_user_user_permissions
    ADD CONSTRAINT auth_user_user_permissions_user_id_a95ead1b_fk_auth_user_id FOREIGN KEY (user_id) REFERENCES public.auth_user(id) DEFERRABLE INITIALLY DEFERRED;


--
-- Name: django_admin_log django_admin_log_content_type_id_c4bce8eb_fk_django_co; Type: FK CONSTRAINT; Schema: public; Owner: hrrbc
--

ALTER TABLE ONLY public.django_admin_log
    ADD CONSTRAINT django_admin_log_content_type_id_c4bce8eb_fk_django_co FOREIGN KEY (content_type_id) REFERENCES public.django_content_type(id) DEFERRABLE INITIALLY DEFERRED;


--
-- Name: django_admin_log django_admin_log_user_id_c564eba6_fk_auth_user_id; Type: FK CONSTRAINT; Schema: public; Owner: hrrbc
--

ALTER TABLE ONLY public.django_admin_log
    ADD CONSTRAINT django_admin_log_user_id_c564eba6_fk_auth_user_id FOREIGN KEY (user_id) REFERENCES public.auth_user(id) DEFERRABLE INITIALLY DEFERRED;


--
-- Name: dp_ses_management_ferias dp_ses_management_fe_colaborador_id_d1fe7070_fk_dp_ses_ma; Type: FK CONSTRAINT; Schema: public; Owner: hrrbc
--

ALTER TABLE ONLY public.dp_ses_management_ferias
    ADD CONSTRAINT dp_ses_management_fe_colaborador_id_d1fe7070_fk_dp_ses_ma FOREIGN KEY (colaborador_id) REFERENCES public.dp_ses_management_colaborador(registro) DEFERRABLE INITIALLY DEFERRED;


--
-- PostgreSQL database dump complete
--

